product_id,price,discount,season,promotion,quantity_sold_last_quarter,stock_quantity,rating,reviews_count,category,sales_forecast
61,144.2560162228566,0.2559699718880625,Autumn,Yes,376,178,3.3293989934855244,134,Clothing,424
301,191.7752136740787,0.018683221203309175,Autumn,No,115,291,1.566331612918629,58,Electronics,322
229,90.65261935298268,0.10761528706069462,Autumn,No,372,183,4.481785133511549,155,Home Goods,498
361,427.90657920898263,0.41915060607791627,Spring,No,178,109,2.416559744076281,134,Home Goods,301
127,59.68190651463863,0.03206064413632376,Winter,No,301,176,4.45951805333755,115,Electronics,257
163,217.66428822508374,0.4760299420030728,Summer,No,322,282,3.3921730011394304,90,Home Goods,64
408,171.4756527842855,0.12106134461075008,Summer,No,281,311,4.215322666558454,121,Home Goods,301
273,72.05910724941907,0.40598308111934267,Autumn,No,140,418,4.8190541062885295,121,Home Goods,120
315,90.34889970807029,0.05319221046280581,Autumn,No,352,339,3.42598459895382,19,Clothing,207
439,269.34441616759443,0.03646868915950313,Autumn,No,88,211,3.4367082022940116,63,Electronics,139
398,169.30983612071546,0.3372080683487054,Autumn,Yes,53,202,4.413109363661758,169,Home Goods,247
226,438.27819890047664,0.2035768851878469,Summer,Yes,227,197,3.702338100809574,98,Toys,111
437,192.733019842957,0.43008789546539644,Summer,Yes,328,95,4.237116269280729,61,Toys,473
190,343.2810474511966,0.11055636794127677,Winter,No,378,381,2.7702921040757187,31,Clothing,307
362,403.2746165283918,0.09663576964683268,Spring,No,386,215,3.2126236423737637,199,Home Goods,72
49,302.92483837136257,0.4178445431539025,Spring,No,127,152,2.8556493507474583,18,Electronics,473
304,204.6037766870084,0.005652011081911046,Spring,Yes,379,453,2.0593713301023335,193,Toys,492
46,396.05946617302186,0.20276339447627556,Winter,No,385,387,4.3562125059730334,114,Home Goods,426
302,435.6156464550651,0.24082487148579418,Spring,Yes,316,387,4.405392256194304,148,Toys,52
287,361.7948777311879,0.3073099703324718,Winter,Yes,380,132,3.382414075101183,44,Electronics,273
34,189.59287320826456,0.04636648012267991,Summer,No,161,84,4.206050552963888,45,Home Goods,260
330,62.979439518536466,0.0593173171712868,Winter,No,200,144,4.24668156530825,172,Toys,61
411,269.717528182115,0.12055783344832399,Spring,No,379,440,4.507104522649504,41,Home Goods,120
144,308.61938423796863,0.23479122256917206,Summer,No,154,248,1.8654691871845692,66,Toys,75
274,226.9995060874376,0.3048698847050236,Winter,No,236,472,3.9881935713251493,23,Clothing,102
227,204.81656510732498,0.22675365815989557,Spring,No,83,159,2.8661066228359697,109,Home Goods,114
101,182.39744609051303,0.2419887333169839,Spring,Yes,206,266,1.3623719536951713,74,Clothing,255
87,419.76446069916983,0.4434248527259654,Autumn,No,244,370,3.456648729706735,123,Home Goods,50
480,208.61493898368965,0.16459006339418525,Winter,Yes,139,174,4.191980518111437,33,Toys,141
271,448.35247882574885,0.14128131833291457,Summer,No,359,81,3.635030547386952,38,Clothing,246
384,129.46500758899708,0.10466190717173851,Spring,Yes,240,444,1.178000246687044,64,Clothing,294
84,232.4368969762125,0.367545810585491,Winter,Yes,144,366,3.9750023052859222,162,Clothing,442
187,159.24330864527738,0.07403064509745472,Summer,No,386,55,1.0716359649687468,187,Home Goods,256
472,432.6679080775678,0.2182510442935926,Winter,Yes,372,211,3.18209208994199,122,Electronics,343
256,179.53676039600245,0.25994676465985705,Summer,No,105,350,1.4109158146797292,94,Home Goods,362
154,425.07027245653563,0.2704327980960866,Winter,Yes,102,229,4.353871018046732,138,Clothing,371
377,60.75600532889,0.3770604600063494,Summer,No,84,312,2.434206522457204,88,Toys,253
289,475.30221011898703,0.0192902614967862,Autumn,No,341,400,1.914327228133259,19,Clothing,119
395,286.3099324390037,0.14964403812658966,Autumn,No,202,82,4.7124940760217005,183,Clothing,259
476,182.53483734606525,0.14910837444219371,Autumn,No,362,185,3.2295862424831734,112,Clothing,251
307,155.21781461476178,0.34795560292093386,Summer,No,295,348,2.0117137939194265,47,Toys,137
492,325.50611405393636,0.11361330764000627,Winter,Yes,433,330,3.0227932851512054,124,Clothing,298
191,201.73029541448048,0.11012733687283216,Summer,Yes,115,203,3.909445434143596,93,Home Goods,465
425,245.72601867894275,0.03413829024140086,Spring,Yes,492,388,2.6539659076219433,14,Home Goods,314
232,131.486187366467,0.32462426348526074,Winter,No,397,327,2.2578900297565228,192,Toys,421
249,293.73444844081536,0.3366420876721321,Spring,Yes,55,258,1.5320240423456024,145,Home Goods,64
486,217.89383128491644,0.3816538587180056,Autumn,No,220,441,4.483505310030033,127,Electronics,156
187,437.97272996481666,0.46898079461974845,Autumn,No,52,243,2.8733121630961698,44,Electronics,354
75,193.84543877982227,0.4816815861461782,Winter,Yes,367,398,2.2087898812018802,96,Electronics,433
121,192.8529763055739,0.2439667671028487,Winter,No,345,387,2.939530174061025,72,Toys,280
452,178.38896017588257,0.2720598414054101,Spring,Yes,90,386,1.4995408483135608,62,Clothing,116
264,387.4178330686369,0.14934323719949544,Spring,No,180,125,3.453610175916924,138,Toys,448
449,325.77275936389793,0.45016434102825875,Spring,No,478,294,2.3904182290884455,136,Clothing,386
348,301.0296774927076,0.01814021437927904,Summer,Yes,377,494,2.2643239180017516,99,Home Goods,189
234,365.97176151719725,0.18535298045235338,Autumn,Yes,324,475,1.5600679755176858,193,Electronics,426
264,88.95845354337479,0.08846696485620525,Autumn,No,440,248,1.8092909153256072,63,Home Goods,285
36,142.81534449055528,0.03847417600818781,Summer,No,395,111,1.2638396606311106,150,Toys,191
38,158.53263719454657,0.2872761942441231,Winter,No,347,437,1.8180373845813795,50,Home Goods,227
456,216.00017895257912,0.4625774224616233,Autumn,Yes,267,164,3.690359039564185,166,Clothing,122
450,489.5103504115915,0.3087315724702797,Winter,No,367,360,3.7385821974172644,110,Home Goods,340
341,232.7852587367134,0.027990294764093593,Autumn,Yes,243,283,2.532074883002036,162,Toys,368
25,216.20662675844795,0.25873837533836436,Autumn,Yes,218,363,1.7093948987353236,167,Clothing,302
343,66.09514852513158,0.13251765450065717,Winter,Yes,110,85,4.906359356869949,167,Clothing,488
276,496.30509579024124,0.31755567863628276,Winter,Yes,236,219,4.121751154817783,170,Home Goods,421
430,248.18399201410745,0.25717980427663706,Summer,Yes,323,378,3.5744656460982047,11,Electronics,315
409,124.95551603180438,0.31949574125745783,Summer,Yes,71,480,1.1704067356875987,82,Electronics,137
329,429.73993958093195,0.02541456591273883,Summer,Yes,431,211,2.2059002869839692,183,Clothing,173
344,142.6096272294813,0.368969144529475,Spring,Yes,232,100,3.575273173717678,75,Electronics,146
319,415.0831364555848,0.29548678749894525,Summer,No,326,330,4.718119184321806,72,Clothing,233
370,169.8165123209852,0.22152608280301328,Winter,Yes,373,78,1.2603036231174918,18,Toys,91
192,161.13289452508275,0.019075525331295418,Winter,Yes,245,450,1.2291522761934774,72,Toys,389
39,451.32208985841976,0.34575533190180446,Autumn,Yes,431,453,2.8543183737638946,103,Toys,169
286,213.4639363224623,0.14071631904969856,Autumn,No,82,368,4.057847066885854,76,Toys,320
437,342.34280384366076,0.15814878015805472,Winter,Yes,211,419,3.329232366655995,62,Clothing,199
493,302.7406485565221,0.41459738789944817,Summer,No,53,427,3.294551116745872,110,Clothing,152
440,66.47155492904005,0.07402180949691384,Spring,No,412,190,4.029668854231097,89,Home Goods,159
262,219.54034869855602,0.17766521970713994,Winter,Yes,231,261,2.842720744630218,88,Electronics,493
333,289.43349033327365,0.019764041172265656,Summer,No,290,92,4.970459476019052,150,Home Goods,455
397,353.44648336149686,0.4192740655695654,Summer,No,356,305,2.9769334889287284,105,Toys,163
8,276.4246878312408,0.33904482399417885,Winter,Yes,217,229,1.6366206566979074,133,Toys,309
458,272.8650791068844,0.43228098841278617,Winter,No,195,83,4.102454848020036,192,Home Goods,57
109,88.66666155236484,0.053845536667701366,Spring,No,137,203,3.1466757213174548,129,Electronics,240
385,142.41362256677235,0.07654945630563798,Autumn,Yes,349,168,1.0749457146594192,15,Toys,153
448,141.24621884671438,0.4931811894929648,Spring,No,213,273,3.3662014788601526,29,Electronics,268
218,366.2868329382047,0.40061649740404504,Summer,No,392,247,2.043095186574326,23,Home Goods,122
487,332.29600237165,0.08711218283761546,Spring,No,253,405,1.532557888014547,119,Home Goods,172
479,254.88430704581808,0.2569765796845267,Spring,Yes,458,276,4.221880030603572,151,Electronics,163
425,438.1129665663953,0.05761628376616629,Summer,No,249,201,2.835034831088781,85,Electronics,256
470,482.3526661763483,0.03360242776711242,Winter,No,485,65,4.745444173950227,66,Electronics,450
411,460.84888782036245,0.052054402472833605,Summer,No,450,168,4.235527429153097,67,Toys,201
449,71.28541534011066,0.16703568549948467,Winter,Yes,273,188,2.4006413314555,142,Clothing,227
147,448.0135006521237,0.18899913376302857,Spring,Yes,166,288,2.0214844526970333,24,Toys,449
341,139.97814308662024,0.2225647356500755,Winter,No,447,373,2.012935284148364,122,Toys,412
444,436.2828682348787,0.07368127001122737,Winter,Yes,128,245,3.0853483261047647,189,Home Goods,197
71,142.10376869189616,0.0819164371724947,Winter,Yes,334,60,4.35379105818211,131,Toys,214
172,166.0818664476618,0.37177253928386494,Autumn,No,61,179,4.484311408715254,152,Electronics,446
31,178.26189566830232,0.17025238809036658,Winter,No,266,243,1.3203402536591806,12,Toys,269
207,236.33226704947666,0.15734165019481172,Winter,Yes,157,194,3.642707435845564,197,Clothing,84
485,180.68823553839613,0.1503805696310646,Winter,Yes,423,218,2.6462442548364895,28,Electronics,470
409,68.25007527102537,0.3464637488964164,Spring,Yes,224,429,3.3532314642225596,113,Electronics,235
32,67.5256161108393,0.028592838138193077,Spring,Yes,487,86,4.345847619742502,144,Clothing,364
308,316.30435320234164,0.40079688893586185,Autumn,Yes,270,139,2.5717995388784143,125,Electronics,498
488,377.1155590171957,0.1542705190248611,Spring,Yes,64,448,1.5636148641052476,194,Electronics,214
320,101.46892205814973,0.40414418821126286,Autumn,Yes,451,163,1.4269737395840685,141,Toys,105
329,157.43159837342262,0.35590546567085507,Summer,Yes,58,494,2.0065113083109525,117,Clothing,450
160,89.53951359559939,0.11724972897998948,Summer,Yes,182,185,1.8950995386987235,187,Home Goods,120
61,281.7783923350497,0.061759608985998304,Autumn,No,316,238,1.1971724648271476,26,Home Goods,233
27,332.48591929182993,0.184635567510884,Winter,Yes,74,233,1.62592315401398,116,Electronics,457
375,344.79537097552196,0.3062996141866356,Summer,No,313,352,2.3727022076970603,97,Clothing,75
376,311.5264779678859,0.2793304195152987,Autumn,Yes,74,100,4.125303297899432,182,Toys,136
154,316.6986576369676,0.015326897152714958,Autumn,No,223,188,2.7792531985154736,37,Toys,60
130,143.77699929300073,0.3718093002155503,Winter,Yes,56,151,2.147230107887256,63,Toys,425
332,231.31598942327508,0.2933414419574963,Spring,Yes,74,289,2.338611127129549,113,Electronics,239
242,381.70496007663763,0.37699711701556743,Summer,No,380,146,1.4741867607733452,199,Home Goods,460
384,136.24692342155595,0.2870096470248453,Summer,No,358,126,2.5860365622446886,172,Toys,107
492,269.6804267147411,0.46638047850061803,Winter,Yes,181,276,2.2814528577742843,150,Clothing,272
165,255.02693861663212,0.26338159771942854,Winter,No,59,421,3.29227898507005,12,Home Goods,480
322,153.36876288422667,0.2578612440094149,Spring,Yes,382,455,2.012338448480268,186,Electronics,270
84,265.95462366845356,0.495371861344108,Summer,No,179,293,4.677757643794729,20,Clothing,327
59,339.7968413631456,0.4673704746346349,Winter,Yes,440,203,3.766800209143013,102,Home Goods,176
211,364.12681931051986,0.021244425186632054,Autumn,Yes,179,448,1.3178172123557736,59,Toys,204
53,282.4733861268918,0.11478667152185507,Autumn,Yes,294,410,3.954353785133289,123,Electronics,102
188,97.00126660856384,0.2529481027634626,Winter,Yes,465,196,1.491162383117861,38,Electronics,466
396,460.50709675320786,0.023556559452483916,Summer,No,136,129,4.174225192719447,67,Toys,55
469,295.4662942305979,0.277495139599274,Summer,No,426,341,1.4332344847478256,153,Clothing,468
224,310.8098274364997,0.47508355328941254,Winter,No,452,96,3.728390843050534,177,Electronics,427
281,58.96069906165276,0.04921416355355779,Winter,Yes,99,257,4.281028829780565,119,Electronics,169
418,324.8787905407078,0.012801418336863934,Spring,Yes,469,287,1.3398096290765538,143,Electronics,313
428,366.5189429265984,0.15949174825704793,Winter,No,193,169,2.145451095993335,63,Electronics,150
261,328.2103245916453,0.4558365690139594,Winter,No,400,334,2.4233523533159373,15,Home Goods,305
492,243.47717056327298,0.199446757639969,Autumn,Yes,211,179,2.6051915201971325,39,Toys,480
78,498.0376403420713,0.2233556554409613,Autumn,Yes,319,405,2.315250372992314,188,Home Goods,320
413,360.2257068782225,0.3706720075717801,Spring,Yes,390,350,1.520198547790642,125,Clothing,190
241,449.21626866175626,0.37054079531875955,Autumn,No,337,159,2.2630125358618565,187,Toys,402
230,240.9993090985221,0.48814727403347125,Summer,No,205,386,1.8288910459503311,164,Clothing,323
477,170.43771952639617,0.26444593071814626,Winter,No,412,350,4.975202974119995,112,Toys,372
481,119.87769022507499,0.48279066809962257,Autumn,No,114,266,3.121902564502508,32,Home Goods,119
67,175.2685289805458,0.09752727032905856,Autumn,Yes,112,394,2.223874726863007,47,Electronics,120
216,213.75138260778238,0.013639649653593988,Autumn,No,195,326,1.820474361920509,98,Toys,373
34,444.6986127112505,0.22605192485531578,Autumn,Yes,287,60,3.747925892937975,146,Clothing,199
453,238.80874614227858,0.2709446198173564,Summer,No,200,147,4.836290907374572,59,Home Goods,203
341,388.38774763975897,0.3424904923786964,Winter,Yes,316,209,2.4675211966783674,187,Electronics,453
307,215.39320636784376,0.34563875887195594,Spring,No,390,343,3.558404454703915,186,Toys,88
256,482.9771138256923,0.01646712354020402,Winter,Yes,248,141,4.1572976147539755,92,Clothing,62
320,117.31432048836379,0.18510200663228604,Autumn,Yes,455,373,4.403626835370548,91,Toys,471
253,376.25417729465164,0.1843930712710471,Summer,Yes,432,283,3.223042480703225,11,Electronics,364
146,148.57924895384892,0.02212088471360163,Summer,No,374,445,1.9008104480924253,13,Home Goods,58
179,296.70569461491766,0.28259852723486645,Spring,Yes,144,420,2.9925350129711203,37,Home Goods,256
336,81.2749413753736,0.12752531298221248,Autumn,Yes,238,256,2.3402956493897866,176,Home Goods,113
278,392.3684320877621,0.4614135302441275,Spring,No,201,177,1.6578045598340534,131,Electronics,397
321,118.2356228035668,0.2693090274476382,Autumn,No,226,174,4.800401861102426,32,Electronics,184
121,262.94130812869093,0.23614216812683708,Summer,No,191,238,2.6144059640826867,178,Clothing,376
94,251.7681551911247,0.4725464825169546,Summer,No,183,176,1.8571235150926775,40,Home Goods,143
265,358.5798444679142,0.32074682435890267,Spring,No,181,94,2.8305965274794316,190,Home Goods,425
409,365.05446433228707,0.3726131625653275,Winter,No,252,161,4.051418565538202,26,Toys,178
72,429.99292396660513,0.4907963168987874,Summer,No,90,305,4.814271685351159,80,Clothing,265
405,164.61559591852807,0.0013237441463051502,Summer,Yes,295,462,4.827026184221647,173,Home Goods,56
348,287.351153476405,0.37722710668839116,Spring,Yes,377,294,1.4253287553226954,47,Clothing,176
468,85.6770230625877,0.1572128898760261,Winter,Yes,205,358,4.659132146160074,168,Toys,327
444,268.1221717823087,0.06461869555134653,Autumn,Yes,443,222,1.2099247090901537,75,Toys,288
89,138.47428194252956,0.173848937317244,Summer,Yes,122,469,3.681199808554564,95,Electronics,180
107,286.8785547523305,0.06644529029203405,Autumn,Yes,397,447,1.445121661417566,188,Electronics,131
460,353.8645813135179,0.36075419932801,Summer,Yes,179,386,2.5241177044454886,156,Electronics,175
402,177.58415721912547,0.4258854181256263,Summer,No,243,226,4.222329214052269,57,Clothing,303
129,395.24156966234887,0.1925530943514382,Autumn,No,142,173,1.9178573551743843,150,Clothing,452
115,300.9637956764385,0.019210399960762403,Spring,No,304,330,3.5805857694680863,184,Electronics,486
289,486.8799839471883,0.3846159745932465,Winter,No,399,209,2.320296139943387,107,Clothing,165
252,265.0853516112309,0.09751334977620585,Autumn,Yes,147,259,2.2636720693930794,64,Home Goods,464
224,399.80273851764633,0.4647313427768169,Winter,No,398,252,4.633606456621738,63,Home Goods,364
121,219.39681462714293,0.00965151066196207,Summer,No,222,403,1.951339216445887,66,Toys,66
33,167.6490317281294,0.39878043241280986,Spring,Yes,80,207,4.002379619678725,61,Home Goods,151
9,204.2170617812215,0.012087520023699616,Summer,No,94,454,1.603018480884841,181,Home Goods,120
373,382.27424029742576,0.20690764090070002,Winter,No,421,222,1.7901028616255794,164,Electronics,338
106,329.71680436775,0.024953750331069557,Spring,Yes,144,176,2.6955559060527285,179,Electronics,423
1,396.558786407211,0.319137637087183,Spring,No,217,168,3.2124858777068783,102,Home Goods,254
140,434.7456179651792,0.1398233261522191,Autumn,No,68,478,1.3807706049295265,71,Clothing,307
361,173.10309115087665,0.05432897377025914,Autumn,Yes,373,139,1.863792581819574,132,Electronics,61
347,69.7410127601153,0.05075832414832687,Autumn,No,201,259,2.911939838062511,86,Home Goods,79
20,202.9800389108363,0.23717636143133486,Autumn,Yes,89,232,2.48828534261877,27,Clothing,343
11,295.18934888985973,0.36651184587658325,Autumn,Yes,112,110,3.982784269711641,59,Clothing,126
367,213.91627093577213,0.4722939930424422,Winter,Yes,86,478,2.9387730131646355,86,Toys,72
265,482.97485526681277,0.458215524932964,Summer,No,72,376,3.7038225030819922,138,Electronics,70
220,326.1955391355475,0.10867529632321205,Autumn,Yes,234,407,2.695593829601011,133,Toys,354
93,423.4579429584712,0.06456990857317568,Spring,No,157,279,4.305191004945678,52,Toys,426
103,319.44975120556256,0.034116830510013796,Summer,Yes,208,308,1.9103069829915769,78,Electronics,274
467,72.53124699607731,0.43743575308522237,Winter,Yes,393,97,4.042043174922014,37,Home Goods,79
306,146.1834288340284,0.3039777970996265,Autumn,Yes,296,182,2.5685981765340657,100,Clothing,175
119,226.00535240790873,0.1560814834748222,Spring,No,427,417,1.95696740444351,30,Clothing,218
439,162.48315356107395,0.35801595465922614,Winter,Yes,139,354,4.469162672218661,174,Electronics,208
2,213.4398323041205,0.3787646721808277,Spring,No,408,492,1.8774132591597894,152,Electronics,434
463,97.9496128954627,0.07084220609003378,Winter,Yes,164,303,4.801152902742825,122,Home Goods,93
227,142.14510397755072,0.10816174926260513,Winter,Yes,192,330,3.7899476688809965,34,Home Goods,297
428,213.98955580427483,0.32752852887244527,Autumn,Yes,454,102,1.6352665355738463,105,Clothing,306
246,364.00502257488483,0.2152035168537254,Summer,Yes,88,123,2.1110284826610255,73,Home Goods,358
359,299.2204812262612,0.20602914678870304,Summer,Yes,299,152,3.6002288632450883,117,Home Goods,304
57,122.14870815120621,0.43669036031001635,Summer,Yes,314,426,4.860646676752583,187,Electronics,163
448,316.22169593214767,0.25069058963279034,Winter,No,472,417,3.1040365692806247,199,Clothing,83
442,354.6350078183533,0.2661136987511301,Autumn,Yes,236,425,3.3819761575372844,168,Electronics,130
279,219.89352337608202,0.4491819108921874,Summer,Yes,295,201,4.6234726269964845,120,Electronics,180
335,327.53755045695914,0.2478894059334098,Spring,No,494,300,2.6065810861573855,192,Clothing,85
470,75.68909855700244,0.2106580339151452,Summer,No,191,482,2.935832620840583,29,Clothing,162
105,458.0818568770786,0.35999602359423527,Winter,No,74,437,3.30957043786896,88,Home Goods,393
330,241.48721445496696,0.48043862656954006,Winter,No,288,208,1.3550986973909058,106,Home Goods,377
70,468.4443207519359,0.25693239372556026,Spring,No,324,78,3.16266251684555,89,Home Goods,466
42,146.6671215959663,0.41741878708837665,Spring,No,349,428,4.301134355723269,153,Toys,329
436,133.53559171965668,0.32445241017267457,Summer,Yes,81,314,3.967802329670597,123,Electronics,269
86,217.40864832625388,0.17822035462747987,Autumn,No,483,176,4.145666788119132,122,Clothing,129
4,372.2603737583234,0.20102587823706697,Winter,No,343,182,1.6636178559589014,66,Home Goods,401
35,261.3825756753439,0.2966426531842477,Autumn,No,109,238,4.4120637826019085,27,Electronics,214
439,60.05194762115799,0.07376389220449969,Winter,No,307,404,2.0035888276485507,196,Clothing,363
476,159.1372605035681,0.19688780419295476,Summer,No,210,188,3.6014942477073992,86,Clothing,70
25,410.9061884209725,0.3444712285680301,Summer,Yes,54,205,3.606600934705747,53,Electronics,434
276,346.4159870608695,0.06965847566836303,Winter,No,280,423,3.9399859766062635,44,Home Goods,74
441,322.61002738095976,0.2669630122894335,Winter,Yes,166,136,4.884530574657349,84,Clothing,261
67,261.2805428716997,0.4231913541906639,Spring,Yes,479,177,3.609553864926949,165,Electronics,208
386,295.6897310702195,0.06644221589200433,Spring,No,332,278,4.709659461336278,178,Clothing,156
348,176.53606571098015,0.17769157250297607,Autumn,No,330,450,2.492272390779347,26,Toys,420
182,449.39203922753705,0.35074511253042145,Autumn,No,478,211,2.629002605539663,71,Home Goods,310
353,62.036125843969906,0.14995820921164793,Summer,No,447,220,4.140463869050837,106,Toys,356
47,67.96136630009097,0.49454513599470307,Winter,Yes,211,326,1.8897233294615696,166,Home Goods,394
329,474.377989369927,0.2557757829171384,Autumn,Yes,482,253,1.9133623972609484,187,Home Goods,251
244,58.726941528798186,0.017980170202351486,Summer,Yes,400,479,1.257703631455445,164,Home Goods,482
161,158.88664870471266,0.3909047026764031,Spring,Yes,391,397,1.5803774686674243,118,Clothing,200
77,102.33503996765262,0.27294556587091306,Autumn,No,357,137,2.7798131874445633,191,Home Goods,191
359,419.27113015698745,0.42968167123769324,Autumn,No,227,438,2.662228360144564,119,Toys,60
450,366.61369539485185,0.32181329485305404,Spring,No,313,80,4.847310095718222,65,Electronics,439
131,269.82660410553876,0.18766539712003805,Spring,No,90,63,2.1873219602181164,81,Electronics,466
399,204.05853471516866,0.17776663694190797,Autumn,Yes,128,334,1.4706536898622424,54,Electronics,76
179,208.05950430945015,0.05550645757238104,Spring,Yes,164,290,1.8001715818433999,86,Clothing,266
485,63.388519993322376,0.0391848716834195,Summer,Yes,496,224,2.1300125695027337,174,Toys,410
55,476.93576483012004,0.3635583207508208,Spring,Yes,183,434,2.078147460598473,197,Clothing,462
355,497.0616585560168,0.3317861226486345,Autumn,No,467,174,3.773967023539099,126,Clothing,244
483,87.49734813849042,0.10045756391476612,Summer,Yes,467,467,3.5062712485096643,51,Electronics,384
227,174.42666828945246,0.25108318901007226,Winter,No,499,68,4.2105906694476225,42,Toys,470
309,249.99860873681175,0.4748911344119419,Spring,Yes,64,399,2.9453126567155183,176,Home Goods,343
392,394.7409803250979,0.11677189780728342,Winter,No,213,294,2.211222782744265,149,Toys,56
447,480.47192341180715,0.3569916689141091,Summer,No,158,270,4.640579968684061,127,Toys,416
8,157.84113293761382,0.29099753338152756,Autumn,Yes,468,50,4.2345732396830345,41,Clothing,302
143,411.7823559004201,0.11141871383218604,Autumn,Yes,81,391,3.8930356393495313,173,Home Goods,175
166,307.22409471023667,0.037904354395402295,Winter,Yes,352,489,1.0429491684365755,90,Electronics,57
272,170.79302849099673,0.209169688962632,Spring,No,452,446,2.5497269211692863,139,Electronics,155
215,469.9365896772686,0.3867045867421281,Spring,No,265,466,2.291103223082806,86,Clothing,195
47,213.6771484587144,0.21440685372510815,Spring,Yes,84,469,1.985249728589631,156,Toys,295
19,217.76951356738383,0.17200255261602493,Autumn,No,437,446,4.604908760113149,24,Electronics,76
269,68.78784559244158,0.4224929772322071,Winter,No,95,337,1.8279953342663302,155,Electronics,452
429,256.06059640909604,0.39559129777308544,Spring,Yes,396,103,4.909239886607871,118,Home Goods,295
422,260.0979018897664,0.023388860828449487,Winter,Yes,238,118,4.717654015576551,81,Home Goods,199
272,300.6499644511903,0.23209488796185063,Summer,Yes,399,270,1.7859586462060815,160,Clothing,439
121,138.7555559995492,0.4906327215874383,Spring,No,55,79,1.6258933472631547,129,Toys,69
340,404.4635154728751,0.10138111349607687,Spring,Yes,323,144,1.4384885218168253,152,Home Goods,485
138,433.31553996035933,0.23106716488627727,Spring,Yes,278,189,3.6806918072757293,76,Electronics,227
455,443.5610053189235,0.07234856114387062,Autumn,No,81,448,1.4673514766543447,88,Toys,304
259,228.81998492488412,0.09783664830462391,Autumn,No,184,392,4.403115353878861,127,Toys,262
349,207.99523046887322,0.20695941649639188,Winter,No,256,208,3.760435398138631,10,Home Goods,196
289,467.6974557659554,0.19574566907190427,Winter,No,318,402,2.6546125099641404,76,Clothing,307
175,264.84942587373956,0.3643091508275351,Autumn,Yes,249,50,4.60739158340489,158,Home Goods,88
492,66.10899189857957,0.08611186549938943,Summer,No,432,278,1.7381603690562142,38,Home Goods,463
360,381.30737095089074,0.14118235761662806,Winter,Yes,488,313,3.0555945905986834,98,Toys,276
265,421.35023125212615,0.13757114442711804,Winter,No,280,294,3.7109188486271694,26,Electronics,407
253,270.6873521410391,0.1225161670796927,Autumn,Yes,230,405,3.6216412815788153,197,Clothing,224
358,360.3522204125196,0.004867801379111858,Summer,No,223,78,3.8475524923971562,124,Clothing,63
447,269.89319655582926,0.26684950358077597,Winter,No,301,137,2.965530041240015,52,Home Goods,395
378,69.83695321426197,0.2424950889105264,Summer,No,464,447,2.563609980572897,195,Clothing,214
180,419.57651179939296,0.4552739762343988,Spring,No,108,365,3.3926005543550315,48,Toys,182
170,316.86949554416753,0.290774123188982,Winter,No,457,180,2.7070879440941704,180,Clothing,52
175,89.52516344896125,0.11215544085925244,Winter,Yes,126,163,2.1930284580953496,147,Electronics,187
188,270.72759689825745,0.49951993863217964,Summer,Yes,305,178,3.142168645275549,135,Clothing,292
213,322.6041554521409,0.2267263440194522,Summer,Yes,275,236,4.607709396292574,115,Clothing,304
498,153.01282770866544,0.038946609867179294,Summer,No,396,322,4.639830438141622,161,Toys,274
68,329.9670745108256,0.30419703698326084,Winter,No,267,148,3.3393886500456653,134,Home Goods,435
75,202.80533081273228,0.4280633636995444,Winter,Yes,350,470,4.642695960938465,114,Toys,321
337,65.97232413567832,0.2689321219373533,Winter,No,293,182,2.935471908557969,85,Toys,495
347,82.7309823444786,0.19605625839164315,Autumn,Yes,184,149,2.373416979457816,26,Electronics,376
439,169.29356862726098,0.03770655414134777,Winter,No,143,90,3.666348501659419,191,Home Goods,306
75,268.46258040831265,0.1778248607960619,Spring,Yes,381,236,2.156633098647821,139,Clothing,256
269,381.55599637134327,0.371234615083224,Autumn,No,473,162,2.471102897511642,102,Toys,442
178,220.06118929372425,0.3322975118057055,Summer,Yes,461,66,4.9555763949420095,61,Electronics,299
102,313.1134931448586,0.3149462948801489,Spring,Yes,200,380,3.268575241156066,106,Toys,94
394,73.92410362195616,0.21251126531020642,Autumn,Yes,367,363,3.788577713073084,13,Toys,337
210,292.3070003297975,0.3610676957830312,Autumn,Yes,77,253,3.7153590124979035,140,Home Goods,390
103,322.31195111632366,0.41606667129572744,Summer,Yes,398,263,3.024705823464647,106,Home Goods,425
39,230.8568738759653,0.061073320670915476,Autumn,No,374,69,2.4111380975485956,147,Electronics,101
344,487.34263061356216,0.24513402521330663,Autumn,No,226,94,2.697922576684065,60,Home Goods,486
334,57.80610558417813,0.4836918067485587,Winter,No,161,102,1.890370590970289,135,Home Goods,251
189,478.19155234143295,0.41593813862036044,Spring,No,286,186,2.273452332720394,171,Home Goods,464
161,332.9097011664012,0.33019578229418056,Winter,Yes,475,330,3.3493539818412663,44,Home Goods,206
314,293.1511839280636,0.4780104824514752,Summer,No,245,97,3.405548770573296,93,Electronics,401
279,354.64181819749535,0.12244852314004251,Summer,Yes,449,51,1.127676539908312,13,Electronics,204
473,435.08622675800035,0.39165820799104,Winter,No,462,267,1.9207632320473542,190,Home Goods,317
94,465.9631261421525,0.38145544363342454,Summer,Yes,183,463,3.2751845778977375,174,Home Goods,458
168,368.6327270338248,0.10582918525029256,Spring,Yes,144,448,1.7084119918485796,180,Electronics,61
98,386.64422253609746,0.4505988734660661,Spring,No,302,264,1.5981305091687061,165,Clothing,443
273,215.32682992264967,0.2848781932096717,Winter,Yes,461,275,4.401251424001432,112,Clothing,482
12,415.96364650846397,0.12409328440269884,Winter,No,478,278,3.520665288155453,126,Electronics,473
11,280.1734297592725,0.059386423841465974,Winter,No,63,410,4.910741744512453,114,Clothing,269
152,394.83272923005677,0.005925263782281975,Autumn,Yes,338,204,1.060090034826624,193,Electronics,121
58,327.74183462871093,0.2801587725660651,Winter,Yes,445,298,1.867589314960096,136,Clothing,441
3,123.82379837390475,0.26105331147055694,Autumn,No,114,467,3.2294653662576533,11,Home Goods,315
266,251.3336838021741,0.4932131109379979,Summer,No,276,119,3.3912081374716565,171,Electronics,374
478,325.7685436072013,0.3676732049687791,Spring,Yes,251,192,1.7935026474875486,197,Home Goods,129
363,78.04648589194267,0.29538016669901057,Autumn,Yes,273,285,1.7131006161278126,40,Toys,399
382,376.19571534080285,0.04481496292627818,Summer,No,309,251,3.978120089549708,51,Clothing,71
179,440.0024513324283,0.4988139648596955,Winter,No,389,285,2.351991495958916,147,Electronics,256
354,361.681592188265,0.11272341634369082,Summer,No,67,212,2.6345399138690517,141,Toys,202
92,491.22102860360405,0.1075974163981564,Spring,Yes,422,441,4.402362462535754,128,Toys,366
228,78.11831933740358,0.09787895375509603,Summer,Yes,332,146,2.3178954386926303,167,Home Goods,273
127,100.77532283320862,0.021960507594849688,Autumn,No,334,227,1.4459198206411168,72,Clothing,487
139,73.88425362303302,0.0751532106750441,Autumn,No,471,303,3.54480809282624,46,Clothing,213
395,202.98912465163377,0.41974820406714675,Winter,No,281,269,2.5153561982001524,166,Home Goods,157
375,445.5840216308548,0.24429372069958105,Winter,No,383,422,4.748323042884315,78,Clothing,411
441,187.94340959639032,0.49524739865227774,Winter,Yes,270,261,3.8166157922449964,30,Clothing,177
28,409.8553388970338,0.3704400219151404,Winter,Yes,472,421,4.015809344317116,80,Home Goods,173
39,160.26292396405563,0.14346147804325943,Spring,Yes,343,52,1.3364244802283611,180,Toys,263
359,419.9207368460461,0.2048051938732124,Summer,No,109,55,4.286992887452612,22,Home Goods,473
359,123.46022620543627,0.02586111742479813,Winter,No,386,56,3.8238762755424425,21,Clothing,181
115,139.05085037515278,0.48233563607824104,Spring,No,292,187,4.965345175753047,77,Electronics,117
310,475.8714511117983,0.24822551230548107,Winter,No,97,459,2.697229989980187,16,Home Goods,462
46,109.1278949695326,0.41212050628857966,Autumn,No,455,483,1.9796103535862,10,Toys,410
106,74.32380296208584,0.156306460756704,Autumn,No,177,497,3.913223739507805,146,Toys,174
222,453.9736730262982,0.3544474941635633,Summer,No,149,147,1.6809827477200852,91,Clothing,446
207,205.67408852489373,0.4987113811667546,Spring,No,495,248,1.6568618409020068,19,Home Goods,207
393,439.0630531599652,0.0594241654299138,Winter,No,167,205,2.2792974616182904,170,Clothing,458
348,211.5879081351633,0.14632397236630862,Autumn,No,63,286,3.8545379754434723,146,Clothing,262
169,174.3249114180024,0.2986521380752447,Autumn,No,449,364,4.299515735188169,100,Toys,81
437,498.7165680711132,0.12346678878974959,Summer,No,91,435,4.108566804345081,165,Clothing,243
186,465.80669384054687,0.39273949938465363,Autumn,Yes,409,171,4.3555535573754565,102,Clothing,155
457,107.7274654953595,0.15013090116872407,Autumn,No,482,198,2.5536831522648082,131,Toys,347
443,125.19457464661785,0.08281870856989143,Autumn,No,420,225,4.721717054391805,126,Electronics,264
49,289.7950232703331,0.015380020574767728,Spring,Yes,149,173,2.9994015968118193,149,Home Goods,136
285,458.6395538475225,0.2452546164717394,Autumn,No,275,218,2.8100003989631537,61,Clothing,293
70,480.73066766490115,0.29967784495949407,Autumn,Yes,173,81,3.2685944657146457,116,Home Goods,126
86,497.3792452395392,0.48413100821737304,Autumn,Yes,266,73,3.811552561167906,120,Clothing,140
367,311.4922586482476,0.11821650108318077,Summer,No,488,245,2.3825463251628287,88,Toys,283
134,171.57098977357842,0.1846009867756459,Autumn,Yes,391,315,3.092617895884548,141,Electronics,365
186,386.39967399193335,0.39011066890453316,Spring,No,165,84,4.06306455539578,159,Home Goods,98
492,364.5578418516323,0.0058209562077665145,Spring,No,208,364,3.812534094806683,20,Home Goods,80
226,90.69639505609136,0.00827009441850779,Winter,Yes,229,463,1.0150162643941005,84,Home Goods,418
467,99.9982913167997,0.21691879919110524,Spring,No,218,54,1.2780605438793926,76,Clothing,495
49,119.91513260606612,0.2024763668714793,Winter,Yes,188,433,3.439824592404221,154,Clothing,418
423,186.42738283655484,0.06790024808525075,Autumn,No,63,130,3.184339237301648,176,Electronics,486
307,189.57603602377358,0.18807375559401773,Winter,Yes,128,114,2.020575797217313,89,Clothing,247
427,334.65162360957567,0.2190012019638527,Winter,Yes,413,286,2.9997494984119606,75,Home Goods,471
272,427.07743787608234,0.2242072684750252,Winter,No,288,327,3.696419950996361,172,Clothing,353
460,139.86420154119517,0.02515044809954553,Autumn,No,63,185,3.5717671376717535,25,Clothing,149
402,180.0687695448329,0.020526729165934288,Winter,No,294,431,3.3067667617004144,45,Clothing,115
397,369.8430432052568,0.257804995829914,Winter,Yes,362,425,1.122320352565148,42,Toys,298
496,203.12661123063768,0.46682763522763,Winter,Yes,210,376,1.300003935565671,171,Electronics,220
275,409.6725042921965,0.468340564963761,Summer,Yes,319,109,2.253101106210671,169,Electronics,120
98,464.0571382161919,0.35307926956444263,Winter,No,141,325,1.4414006355111888,104,Electronics,138
262,73.04360041534557,0.3927375816516691,Autumn,Yes,137,176,1.0042358680369787,33,Electronics,439
82,152.6069541138645,0.1508268304465435,Autumn,Yes,146,292,4.950242512569461,195,Toys,467
498,344.9134734916551,0.021060780972603277,Spring,No,412,396,1.3344684062589427,163,Home Goods,379
121,85.42747786017901,0.016529337952974288,Summer,No,469,289,2.2933017224332857,38,Clothing,92
251,92.8510465536298,0.25975947036369307,Spring,Yes,123,494,1.6089723440429284,156,Home Goods,186
242,404.4427418989555,0.16836848784960634,Summer,Yes,159,499,3.230969622035261,102,Toys,305
251,162.34438881972795,0.141058359579252,Summer,Yes,318,449,3.1895103708218158,181,Electronics,409
29,64.52582055144862,0.3983763264505585,Autumn,Yes,464,168,1.6485009941236184,29,Electronics,327
318,83.89243915671321,0.17808358748277991,Summer,No,214,370,2.2190381341540073,178,Home Goods,51
101,317.54269173495715,0.0012437247431233422,Summer,No,66,78,3.6711995429102724,29,Electronics,253
289,256.49271030991156,0.1394958275077271,Winter,Yes,249,164,1.907650161524995,19,Clothing,304
119,140.3630199670174,0.46174033815464005,Winter,No,381,316,3.8427972302719056,104,Electronics,223
109,469.52153991229267,0.029687511616443285,Spring,Yes,226,283,2.7055812457124593,177,Toys,50
173,82.32966645534069,0.2448466158803379,Spring,Yes,229,417,2.6541245266610827,188,Clothing,315
143,246.49634317972232,0.17363719985274828,Summer,Yes,146,228,1.9289485890917866,186,Toys,170
102,394.55527150605775,0.3974920058744168,Winter,No,70,241,2.7202906845907755,24,Toys,192
225,120.51472743474547,0.1169189690348223,Summer,No,334,448,1.4668012447959402,80,Toys,154
192,327.28088017905134,0.4077339196379605,Winter,No,395,134,1.8455142898762742,175,Electronics,442
218,142.3256749114301,0.3636524716740133,Winter,No,139,51,3.3770018825431034,10,Home Goods,159
248,325.58564069685406,0.11733356399640571,Spring,Yes,215,167,4.5604749639483835,52,Toys,393
13,451.45141795072425,0.368159280470086,Autumn,No,244,171,3.4930554987692237,30,Clothing,420
485,196.09081972025152,0.02296734349963836,Summer,Yes,354,410,1.4521378770481652,117,Home Goods,107
210,154.4715549181039,0.12504979917891929,Winter,No,292,395,1.6804757577833427,14,Electronics,247
16,220.80267819277933,0.4309010485385913,Winter,Yes,197,229,1.0074469963885941,111,Clothing,157
179,313.496514407561,0.12604307079969312,Summer,No,290,358,3.084163477357059,108,Home Goods,461
128,282.5170955017211,0.04566438115794991,Spring,No,96,440,2.692118494937285,124,Toys,89
297,247.50281745182858,0.4561788927984004,Summer,No,197,400,1.2719058691605856,155,Toys,90
426,404.67999013398037,0.3319457246664675,Summer,No,413,457,3.8842992203354125,64,Clothing,389
448,468.3684471298864,0.28106204934596274,Summer,No,416,459,1.8552232766936876,69,Home Goods,292
107,158.44846501449814,0.3357934984811192,Autumn,Yes,89,489,1.4439863757017215,44,Toys,99
122,106.56823257820437,0.006987466579061075,Summer,Yes,468,463,1.318910225331022,73,Electronics,188
71,346.17719629813706,0.027150343119999698,Winter,Yes,117,496,4.957366729438574,175,Clothing,340
143,433.3723888634214,0.3752017205056297,Summer,Yes,190,447,2.153874239246907,148,Clothing,372
281,106.52337827261547,0.4876807269390844,Winter,No,81,247,4.4128990007096345,190,Electronics,276
472,302.163726988857,0.2843898009237923,Winter,No,294,261,4.500983266932938,87,Toys,406
81,457.965196503651,0.05972803434457952,Winter,Yes,74,463,3.9514117969904112,190,Toys,433
429,234.24504937249898,0.4619307649648631,Winter,Yes,338,486,4.809124874851847,168,Toys,312
480,157.3715231680564,0.3845780256889741,Winter,Yes,225,89,2.8121451033637297,49,Clothing,175
406,101.20287110143843,0.3758650602910499,Autumn,No,118,141,3.6162757089003192,160,Home Goods,320
61,149.29588485509882,0.28784102648379944,Winter,No,284,419,1.9091640160859673,198,Home Goods,392
99,86.17946154578925,0.31395462768100213,Summer,Yes,198,470,1.6790262369692481,115,Clothing,268
257,56.467026589482565,0.09881558248279732,Summer,No,334,310,1.231953418149069,130,Electronics,287
387,121.06451222606044,0.03688972924741801,Winter,No,244,72,1.3381234194420975,101,Toys,344
26,301.745715822301,0.051027361577997754,Autumn,No,377,328,4.434850919676244,110,Clothing,115
227,286.9425495338139,0.06345927932886991,Spring,Yes,269,310,4.383105681866363,145,Clothing,161
273,494.77606195339933,0.015734281087733004,Spring,Yes,172,114,1.089918690384101,145,Clothing,148
45,298.1147563388209,0.4419495897555563,Autumn,No,154,432,2.607314877848163,64,Electronics,84
323,460.9458525611621,0.31176097170665423,Winter,No,499,208,3.3122512198611758,107,Electronics,401
159,53.95260831831428,0.2190478797546499,Spring,No,55,155,3.3928452525851522,59,Toys,146
241,392.45135466966497,0.0635512138103122,Summer,Yes,348,289,4.716718074258697,33,Clothing,147
111,458.0927729769308,0.13085640847907454,Summer,No,294,156,3.48963306443737,147,Clothing,379
464,173.79854809731066,0.020185929872502062,Spring,No,392,387,1.0532260400766411,102,Home Goods,287
93,346.42595823318527,0.2838771481336109,Autumn,No,302,76,2.600071178956306,178,Toys,209
51,386.3381427922974,0.24790234835047575,Summer,No,344,84,3.9252044440901375,139,Toys,67
223,332.3443487646064,0.15266709781010968,Winter,No,61,257,4.335384214517189,102,Clothing,274
2,78.85565234571948,0.0007839351788554438,Spring,No,416,431,4.044765938601098,119,Toys,377
239,462.30867394480856,0.454439833974816,Winter,No,336,489,2.591027262673201,83,Toys,196
334,409.4688504580807,0.13098770979446,Winter,No,161,263,2.1418675835512313,47,Toys,84
382,119.06844421004703,0.1173447448674732,Autumn,No,301,74,4.523964494215324,86,Home Goods,498
71,88.10687045592414,0.41800096116840313,Spring,Yes,281,288,2.527557361988444,54,Toys,243
133,75.61888881333644,0.23128095260511905,Winter,No,165,372,3.769751087298455,131,Clothing,394
316,258.9999510021579,0.1432065369255136,Spring,No,444,323,2.7753775696097813,69,Home Goods,392
361,414.968510217965,0.20236569157732176,Autumn,No,299,295,4.999066989837915,101,Toys,273
173,99.11571773557459,0.049961900507358825,Winter,No,157,435,2.6060390051646753,125,Home Goods,356
482,269.1192634178648,0.26473234268089757,Summer,No,262,377,2.529469883727309,178,Electronics,81
448,305.6501998368477,0.3003055422696905,Summer,Yes,345,301,1.7824422183151838,101,Toys,135
339,432.42949816006745,0.28996118949332667,Summer,No,288,319,2.509536783863358,188,Toys,276
439,416.5942641932634,0.3986734787322192,Autumn,No,215,478,1.056148997458584,103,Clothing,322
74,481.90905452484833,0.45315345363518905,Summer,No,180,85,1.109361314686025,19,Home Goods,115
332,444.7097614683276,0.04844049882198587,Autumn,No,473,449,1.151066638265395,110,Home Goods,190
241,161.38462163060268,0.04510399185380365,Autumn,Yes,445,347,2.7782960529804384,188,Toys,412
311,464.4954953927254,0.12449287340315918,Summer,No,229,388,3.5899520342343942,14,Electronics,474
246,233.6972470376821,0.39903297255760595,Autumn,No,65,409,2.781449833644766,11,Clothing,280
345,494.75912146751483,0.3569105151561864,Spring,No,267,440,3.540159235926767,146,Toys,142
382,354.0845087621794,0.1474501452109584,Autumn,Yes,243,463,3.466312099503731,73,Clothing,244
313,265.6487283370204,0.29867179060400645,Spring,No,472,201,3.1411260881947616,34,Home Goods,468
33,185.7449282292782,0.0963979918736732,Spring,No,68,151,1.894983474300803,50,Home Goods,375
32,150.18334750291538,0.06922756660202234,Autumn,No,451,407,2.9587007868437705,180,Home Goods,243
496,254.99273511091846,0.3612811826240234,Spring,Yes,396,134,1.4808122728428401,47,Electronics,342
385,338.68310786091405,0.35619671757065635,Winter,Yes,331,230,3.9363244291709782,81,Clothing,393
204,191.84422586427831,0.23204944164940183,Winter,Yes,415,431,1.1044373976473585,133,Toys,208
360,462.1546848563648,0.306027010409745,Spring,Yes,336,59,1.247133756870935,25,Electronics,341
341,190.6432712720527,0.4193576554769061,Winter,No,115,104,4.979188897510403,12,Clothing,362
477,106.02726943812439,0.40223387055090193,Summer,Yes,326,273,2.3940719856624084,43,Electronics,413
188,445.094845330049,0.0503339352608983,Spring,No,206,283,2.9589167369736513,176,Clothing,412
161,222.95598515974336,0.04296274522827215,Summer,Yes,282,161,1.1850761458576042,73,Home Goods,460
296,209.3116495223771,0.07469113866836846,Autumn,No,196,106,3.6576639628116445,20,Toys,400
390,487.83253902558283,0.08085389398421772,Winter,No,220,278,3.311230444640943,135,Home Goods,87
438,306.6642776552993,0.26042154866188655,Spring,Yes,56,465,2.5219614680168636,112,Home Goods,87
28,495.12970802159083,0.2079886591763106,Autumn,No,372,82,2.928939008316061,117,Electronics,355
358,453.0805850395277,0.1721479797080958,Spring,Yes,385,139,1.2413823271176252,18,Clothing,313
322,377.0442347897917,0.24683862100710996,Winter,Yes,409,405,3.1265211744877273,117,Electronics,457
462,76.36657043742686,0.2932617625518641,Spring,Yes,193,186,4.769077316771293,159,Electronics,353
302,409.7220956933921,0.10200611116147945,Autumn,Yes,218,490,2.1016077478396697,193,Home Goods,224
390,461.8486143247211,0.172263358972352,Summer,Yes,344,382,1.536363523259197,25,Clothing,417
248,184.82884343358847,0.23903798762567896,Autumn,No,189,383,1.596086683209673,35,Toys,82
329,431.9768623005551,0.12846420089476707,Winter,Yes,125,158,1.0326006724034822,51,Toys,267
383,434.25392996295756,0.44199721246969886,Winter,Yes,135,137,3.68791245903752,162,Clothing,274
439,277.01319760612853,0.33856102567227586,Summer,Yes,207,148,3.0962428159878845,24,Home Goods,192
390,114.73040119555313,0.2841193498513642,Summer,Yes,121,390,4.910538554662612,159,Home Goods,333
84,233.0967400998093,0.009258009015453206,Summer,No,402,166,3.723839605681816,163,Clothing,265
142,92.05611941145295,0.2391201380418057,Summer,Yes,171,371,4.131369621507933,114,Electronics,461
394,121.3699968521397,0.26388198623895165,Autumn,Yes,80,244,2.079566564362588,183,Home Goods,183
148,458.8106766158377,0.18167721833445194,Winter,No,232,427,1.6539781103836795,32,Home Goods,319
85,195.3626349731011,0.477926459728393,Autumn,Yes,129,86,4.460373494781226,34,Toys,152
342,102.10204915787287,0.48128031438613056,Winter,Yes,104,89,2.6173092509562923,190,Home Goods,495
244,370.1121719858425,0.49563630985097334,Autumn,No,78,238,4.522355479076392,159,Clothing,137
82,119.43917455558481,0.08288797721924784,Autumn,No,265,288,2.761883314837519,144,Clothing,111
94,399.2419977757715,0.2522348438102681,Autumn,No,335,406,1.9634231622592981,153,Home Goods,68
156,489.68665934265977,0.011464170890925496,Winter,Yes,433,227,4.491191856875601,180,Home Goods,488
74,64.3008872637139,0.3284879146277726,Summer,Yes,288,116,2.2405311744791563,110,Clothing,86
127,494.35669146278553,0.1998559942475721,Winter,No,212,54,4.208250715574473,73,Clothing,190
333,315.90767335676014,0.09783034454893297,Winter,Yes,53,397,2.161033870200289,96,Clothing,195
102,397.3029953577218,0.4427145044435956,Winter,No,311,484,1.9792921567329897,43,Toys,327
273,437.2997365063966,0.4753633616793437,Summer,Yes,313,329,1.7073709570903497,97,Electronics,137
159,110.7172728037921,0.1428633216602771,Winter,Yes,469,339,1.7584238695168897,153,Home Goods,137
241,133.46452726897894,0.14257584075597934,Autumn,No,158,178,4.873856342196989,27,Clothing,207
116,335.6544982259469,0.0156509009642814,Winter,Yes,477,283,4.616332227950941,165,Clothing,325
268,121.1806690011793,0.05185735887500559,Winter,Yes,485,247,2.6914802926893606,188,Home Goods,400
406,347.4000451337614,0.265534908034302,Spring,Yes,426,187,2.7757405970426356,85,Electronics,239
58,277.00980226716104,0.11831306536051961,Summer,No,70,89,2.0089575240351043,186,Clothing,315
297,459.0142532345084,0.4766437839895525,Spring,No,360,211,4.7800731043541695,121,Electronics,142
204,471.9720857239734,0.3097830587588177,Summer,Yes,155,361,1.262839559811801,113,Home Goods,291
162,480.46653683226344,0.06470779048875103,Autumn,Yes,399,328,2.6219310348320817,101,Clothing,223
498,349.15215618083505,0.45195721333001254,Summer,Yes,243,365,1.8338340632084886,130,Electronics,60
176,287.1818762183798,0.13550433947184015,Spring,Yes,139,422,2.3140166934444864,87,Clothing,187
29,297.1160991017331,0.1700659989995144,Spring,No,209,229,2.7019097519245334,170,Toys,263
28,254.47647724128743,0.0610610922580484,Spring,No,231,424,3.7017192994691084,85,Home Goods,257
121,146.83562129378626,0.270774541780967,Summer,Yes,119,380,2.6723045361877005,67,Clothing,160
2,280.96480600213897,0.37359942608214614,Winter,No,133,480,1.3628591974719622,186,Electronics,287
348,217.04717876826527,0.3713697009534573,Spring,No,481,66,2.2622346643832563,51,Electronics,447
277,206.5565747506614,0.38720262547413303,Winter,Yes,491,132,4.741823122080238,30,Clothing,50
400,165.41007735332977,0.09080856026889439,Summer,No,492,252,4.61616782003523,161,Electronics,255
201,485.7776770425078,0.42276307048005013,Summer,No,218,383,1.6906418217087542,16,Electronics,425
22,358.4662776844186,0.19184699193797278,Spring,Yes,202,132,2.0679379592939826,149,Toys,274
469,453.0922077096891,0.015681415368967555,Summer,No,327,319,3.352863118937689,169,Home Goods,94
393,189.91731186823134,0.49120323747815814,Autumn,No,299,425,3.27570220801359,125,Clothing,297
231,196.62372125066523,0.04652034661957871,Summer,No,345,408,1.2697361531349345,97,Home Goods,460
110,348.82532995714047,0.10233760782043833,Summer,No,139,207,1.3285536667381264,86,Electronics,247
96,239.8361031511183,0.0028653953552427724,Spring,No,293,398,4.968942864805438,45,Toys,261
477,343.08842791894443,0.07254501246748146,Spring,No,65,154,4.253747542015203,129,Toys,294
443,199.26007915001452,0.272402049056548,Winter,Yes,281,452,1.9850411223482145,177,Electronics,87
152,286.11081660581624,0.19843178493906716,Spring,Yes,204,343,1.3494566148261655,132,Clothing,427
365,465.42191304963063,0.008922425395100575,Spring,No,212,423,2.1322872327434594,78,Clothing,70
455,369.11604848801073,0.365900533294148,Winter,Yes,345,326,4.681026180572095,136,Toys,236
305,360.0107624543709,0.28803161852020776,Spring,Yes,470,268,2.420337281254296,106,Toys,399
489,395.5917467498112,0.23326329752754849,Autumn,Yes,369,398,2.083663810789436,53,Home Goods,142
8,219.03899433406852,0.23424695752238583,Summer,Yes,337,266,2.167469493018934,180,Electronics,153
194,425.29108545123813,0.09159558055466904,Winter,Yes,67,386,2.574113195362263,71,Clothing,415
180,238.0696394455367,0.43292532972264947,Autumn,No,478,74,2.497713205081834,141,Clothing,468
410,398.83186049699617,0.4227602214349454,Winter,No,469,363,2.9528761105963053,104,Electronics,286
408,389.4909170124724,0.49485900429547625,Spring,No,295,89,4.945996217770942,75,Electronics,214
13,280.0760632268097,0.04129462900302833,Winter,Yes,415,319,4.161871630589081,63,Toys,218
271,302.33646227135307,0.36670470781276665,Spring,Yes,176,106,1.429381169322987,118,Home Goods,176
468,322.1560118169997,0.135125489943901,Autumn,No,414,77,1.9506579805158077,159,Electronics,179
264,91.24246555242826,0.23667065482616045,Spring,No,82,198,1.9097318745942498,145,Home Goods,373
39,259.64360051720473,0.026126949500096086,Summer,Yes,64,332,1.0164441657320058,33,Clothing,497
137,174.94162733036077,0.3132840636884371,Summer,Yes,167,107,3.2816844663622264,34,Electronics,220
483,433.8523461748353,0.21042012194913312,Autumn,Yes,124,314,2.8341805011346577,39,Clothing,257
355,359.5082465014795,0.2474370515071121,Summer,No,264,323,4.551156398049505,85,Electronics,494
337,194.70578013684923,0.15831850968767758,Winter,No,414,350,3.248204005489928,175,Toys,144
344,353.18575047688574,0.109813041133355,Winter,Yes,185,236,4.6846970745793755,31,Clothing,357
461,288.9613652585594,0.12073155828958354,Winter,Yes,393,207,2.9830194181513723,40,Clothing,342
16,400.0761181334084,0.1651580142718171,Spring,Yes,465,105,2.5935104855351825,64,Electronics,327
298,482.72365051612536,0.22734829739345414,Autumn,Yes,273,55,1.7179606886783403,37,Clothing,59
1,410.73469986182715,0.4950873959490385,Autumn,Yes,249,216,1.4938755604885308,97,Home Goods,178
186,460.46458031889335,0.38149016293933286,Spring,Yes,304,225,2.272781926824271,21,Electronics,320
399,458.5059925501265,0.17448064553459613,Autumn,No,404,84,2.0643719278742405,144,Toys,413
17,243.6661397703114,0.29684682511832633,Winter,No,196,160,2.3045731804144816,82,Toys,374
99,447.6907144576242,0.25055663208843904,Spring,Yes,389,296,1.8577479754664594,146,Clothing,116
438,303.49603088025793,0.20162671489089057,Winter,Yes,127,240,3.8734708012148373,60,Clothing,361
443,78.20378209844687,0.36242373286958807,Spring,Yes,367,136,4.585026107243269,71,Home Goods,203
242,53.2139172904746,0.11710406196194462,Autumn,No,175,190,3.9093360738234297,122,Toys,283
370,222.49831565872728,0.3826568536965142,Summer,No,353,50,1.5821595382118931,166,Electronics,275
357,280.37438319131934,0.27813084051446835,Spring,No,242,438,1.2109828686274442,162,Electronics,479
27,473.5041609683538,0.1804398505426597,Autumn,No,50,233,4.029562138588774,174,Home Goods,54
112,403.53783146418766,0.15449695830643906,Summer,No,84,358,3.2518863412085226,27,Electronics,116
233,168.73657378838908,0.35888090143597295,Summer,Yes,307,447,4.1906609582263625,52,Clothing,229
226,287.66166563346974,0.45639387678160015,Summer,No,227,106,3.7004449889216833,140,Clothing,398
452,242.24402361809646,0.41173691737115803,Autumn,Yes,493,66,1.836666108061578,16,Electronics,381
404,120.46532969184817,0.0621382775223161,Spring,Yes,334,403,2.870241807912668,21,Home Goods,370
363,116.08060443134023,0.4191861307670508,Autumn,No,76,286,3.61702157503014,123,Electronics,451
161,108.02215967065857,0.4967996103306304,Summer,Yes,429,162,4.853083980001454,38,Clothing,399
466,293.5353950364214,0.1767435348794723,Autumn,Yes,328,447,1.3231383254379359,186,Home Goods,379
29,422.23410329517657,0.16681941054880467,Winter,Yes,499,360,4.016514258061986,162,Electronics,137
121,103.07097704459349,0.3937961666321425,Spring,No,327,366,4.2140811158520695,60,Clothing,446
491,415.23304287434274,0.31035551205279377,Spring,Yes,342,483,2.2554217751824988,33,Clothing,229
225,242.48799708597952,0.48332322533608213,Autumn,No,193,95,3.4633887992993957,36,Clothing,286
453,143.61989244537406,0.28323372489360127,Winter,No,216,214,2.703033515226687,142,Clothing,341
475,134.2574125862929,0.26441632903231727,Autumn,Yes,400,310,4.716352369875709,23,Home Goods,85
243,323.09202567892214,0.25194685898739466,Summer,Yes,149,172,2.371084432447562,56,Toys,66
180,66.94612916815043,0.3726968408755895,Winter,No,438,85,4.658874001730819,180,Electronics,341
253,98.74813058892009,0.11454342956173114,Summer,Yes,72,211,3.2091840618681156,119,Home Goods,349
4,367.5409336774738,0.49623483413107805,Spring,No,281,125,4.364383234514069,110,Electronics,472
134,392.9302895888992,0.46980288605020476,Summer,No,253,483,3.207108356519155,198,Clothing,142
488,480.6378976185761,0.04018371464169551,Autumn,No,197,184,2.2824239260920764,62,Toys,487
338,224.65479440917915,0.447601811243267,Autumn,No,447,485,2.977074620838173,24,Home Goods,317
260,226.22894672941578,0.26954353096592276,Summer,No,374,405,4.632261784864194,121,Electronics,77
46,315.4687411506709,0.4910182149822386,Winter,No,361,84,2.004904428755563,125,Clothing,373
173,80.10190838055418,0.17629722600567366,Winter,No,109,453,1.3871119282182898,32,Clothing,50
292,164.4716381411851,0.48987994670453905,Summer,No,414,198,4.614027789566272,67,Clothing,185
495,361.33709248837215,0.14053221759340523,Winter,Yes,73,205,3.7623208236225767,70,Electronics,246
292,409.66671486770696,0.10223301151633951,Autumn,No,284,491,1.9806783605373925,44,Home Goods,167
320,445.52786312011415,0.1605191048934495,Winter,Yes,236,138,3.6837854751865886,127,Clothing,231
194,203.72360200872575,0.34091500468205715,Summer,No,159,288,4.9314310669799815,11,Toys,318
304,239.69695066555522,0.2267166243965243,Autumn,No,454,124,1.521060117628135,117,Electronics,76
278,83.24267697504851,1.0592852370261419e-06,Spring,No,223,268,4.488221815034283,96,Clothing,218
227,247.84495984144837,0.42166464558119676,Summer,No,486,159,3.456945220166125,25,Electronics,169
336,342.63569292980594,0.05389617552574116,Summer,No,420,231,2.5341965327436893,53,Home Goods,110
267,309.86548714457405,0.32681503864682965,Autumn,Yes,463,171,4.450545846871512,166,Toys,120
74,97.44910392026149,0.10234276873122505,Autumn,Yes,422,238,2.860533925627109,115,Clothing,184
257,483.1324635888448,0.48550188455167703,Autumn,No,144,266,1.1945088315561696,118,Clothing,481
296,344.7332808390619,0.05437958144052091,Summer,Yes,331,285,1.0627154509036707,94,Home Goods,491
13,379.6237133677313,0.3933880104142083,Autumn,No,308,154,1.380199242121121,49,Electronics,411
68,126.50001357176617,0.2728825840018426,Summer,Yes,112,65,1.336312392403629,63,Toys,460
293,81.97023926604074,0.16982323817031325,Winter,No,494,336,2.947578457298559,127,Clothing,470
464,440.1735333000485,0.39490881452866383,Spring,No,348,203,1.846726438418537,156,Electronics,336
7,212.46559574411978,0.1320641034195919,Autumn,No,144,157,1.5176477237539148,155,Clothing,97
95,204.12830729883336,0.01892478200145875,Spring,Yes,400,265,3.2858042819178066,24,Toys,424
286,79.06075610446887,0.2701000106904545,Summer,Yes,146,344,4.379153987659305,148,Electronics,211
461,120.52493896578991,0.3943043233285062,Autumn,No,478,145,4.289661441665174,90,Toys,252
83,254.68273555784728,0.1951108212684507,Summer,Yes,309,183,4.753405190525594,41,Clothing,239
245,222.96808746888294,0.0019922807158829214,Summer,Yes,266,217,3.8752016632228403,12,Electronics,449
59,305.6009810921451,0.46754559893577113,Winter,Yes,377,299,2.7553113496634123,173,Toys,368
18,115.31233118198615,0.3058467770123456,Summer,Yes,163,104,2.344899271347391,61,Clothing,331
400,270.9270366536413,0.05867793225215845,Spring,No,297,168,3.645068305175918,75,Toys,177
273,474.3513121389685,0.1123931290296713,Spring,No,129,94,2.9333307793781778,176,Clothing,289
114,408.2910032787184,0.0904205885567525,Winter,Yes,236,420,3.620420202650808,54,Electronics,429
265,135.2933999796873,0.4203635749512864,Summer,No,384,302,3.3033954036803057,111,Electronics,365
55,261.53417811589475,0.4063404509477142,Autumn,No,378,171,1.12710868194383,88,Home Goods,197
284,51.7446752719363,0.01917835252808886,Winter,Yes,358,477,3.9099825317852726,18,Clothing,153
406,212.8416724806513,0.15248161864269572,Winter,No,279,426,2.3171799517480034,37,Toys,155
112,483.34282000938305,0.15411122568321212,Summer,Yes,252,185,1.7684220625112124,79,Home Goods,192
309,261.7197547690756,0.11268150915475311,Spring,No,433,349,1.9383626858526335,183,Toys,313
57,320.43256452172596,0.38637053730330523,Summer,No,286,199,1.490405381208376,103,Toys,52
362,219.16714074271476,0.11407207962941196,Autumn,Yes,237,299,2.025803424844878,118,Clothing,319
191,434.6740323266253,0.42822062032998676,Spring,No,353,367,3.2064026475830874,177,Electronics,196
469,291.94597812125016,0.2166632756297096,Winter,Yes,224,159,2.8204608618656,20,Toys,197
313,294.60158439354063,0.011718866851567145,Summer,Yes,396,172,3.674818664193007,177,Toys,297
33,414.2410801609466,0.02042864116950377,Spring,No,248,183,4.097498313600225,114,Electronics,345
227,201.77004881752438,0.38061416550579424,Summer,No,123,86,1.6876381064130888,75,Home Goods,366
174,279.0032176492075,0.49786827169592396,Autumn,No,59,51,4.589013637212638,109,Home Goods,353
69,372.3933729969423,0.29835700671619086,Spring,Yes,69,452,3.2759698022760197,134,Electronics,167
253,152.02865555662663,0.2215069524917661,Spring,No,336,114,1.0212196259350623,51,Toys,59
4,397.07492684337274,0.050193031267943,Summer,Yes,126,240,1.4871446573822404,27,Toys,416
256,406.2885495667703,0.06650374924961355,Autumn,No,54,276,2.8813955828702658,70,Toys,324
235,112.28346396959316,0.21823129759688203,Winter,No,351,342,4.673956796950938,107,Home Goods,306
499,393.32075090532805,0.44176958902990043,Autumn,No,98,144,4.522164327304205,128,Home Goods,57
117,167.42372384104777,0.2555566670583977,Autumn,Yes,487,277,4.059983941402189,191,Home Goods,133
298,254.18547416670776,0.23336292795412628,Winter,Yes,87,345,2.3681035645254194,171,Electronics,307
247,263.1427385612196,0.3737344380598935,Summer,Yes,76,165,2.582326344631986,43,Electronics,316
169,376.8967973071654,0.34845098870747704,Spring,Yes,271,497,4.660803336193979,123,Clothing,180
24,268.5875827614519,0.1808019927812186,Winter,No,301,349,1.9277780203053165,174,Clothing,356
441,168.44381647817647,0.02978498441313865,Summer,Yes,389,357,2.257310109504768,166,Clothing,370
367,298.07157002586644,0.14691884512035025,Winter,No,136,434,2.132851946518235,59,Toys,164
482,249.2912503457449,0.43250778790056293,Winter,No,421,134,4.285501734147632,52,Clothing,60
371,113.04417854999613,0.06285612563837445,Spring,Yes,312,421,3.9330635206979534,22,Toys,448
388,82.0415830005525,0.02519267317177376,Autumn,Yes,209,446,1.3847493259554535,188,Clothing,193
107,168.48053979835493,0.1289748525641714,Autumn,Yes,115,244,4.89985914769504,42,Electronics,495
144,57.8180163885189,0.24690242692514103,Summer,No,55,92,4.81999656720397,125,Toys,123
143,470.53290778235515,0.21357931943322805,Summer,No,446,285,3.32240804228257,112,Home Goods,87
263,78.73189716365295,0.4302553808918625,Winter,No,439,368,4.264590736337727,19,Electronics,126
245,199.53602874478014,0.4272270419493452,Autumn,Yes,269,153,4.905272227699395,145,Electronics,132
424,272.71527128705014,0.04146698209265903,Winter,Yes,390,303,4.116144358986817,45,Electronics,488
53,92.81706215804104,0.4186091709451996,Winter,No,228,363,2.4151875212425864,128,Clothing,458
282,299.1061084657273,0.492734218454242,Spring,Yes,50,359,2.502654798828321,65,Home Goods,235
71,140.58665079617418,0.04186830808939096,Winter,Yes,56,239,4.196044713610812,42,Electronics,299
306,399.38956848021024,0.09990385055040868,Autumn,No,442,491,3.8925600715446222,40,Toys,98
431,407.77068729221486,0.19358605727860756,Winter,Yes,271,293,2.133081216482332,75,Home Goods,432
133,91.2108223984817,0.008277942568021057,Autumn,No,381,127,2.3783176305198794,29,Toys,251
379,334.27683481031926,0.22879933202937192,Autumn,Yes,90,154,4.347622279299172,76,Electronics,438
52,301.6041204278375,0.4984014178721048,Autumn,Yes,123,483,4.649297838197164,104,Home Goods,447
226,162.2010064310256,0.25938182703132845,Spring,Yes,188,253,4.24630551741944,124,Toys,52
237,323.5843673184505,0.18624403764580844,Winter,No,212,301,2.055974936627781,84,Clothing,496
387,88.46739411018694,0.25685627613680995,Autumn,No,405,355,1.8059820461601719,153,Clothing,108
473,61.589021223228606,0.4246982348304322,Summer,No,362,118,3.9739137573030896,97,Toys,395
157,439.19756836804925,0.33205522844040963,Spring,Yes,488,338,2.442974254698499,122,Toys,286
225,67.89782191816921,0.499536775439086,Winter,Yes,493,212,3.933412479131293,115,Home Goods,391
142,52.73792844569063,0.15879341548537468,Summer,Yes,100,378,4.5469823186473874,157,Home Goods,425
272,281.99882536049364,0.2959366946563069,Spring,Yes,368,94,1.2392783219485466,64,Electronics,484
47,197.95597906960916,0.12049010312221675,Spring,No,281,92,4.898238457152209,67,Electronics,430
173,493.9497371329814,0.23808253920004063,Spring,No,454,439,1.304740592656954,69,Clothing,324
97,147.6338785886658,0.4839454620358043,Summer,No,108,380,4.784665399558759,152,Clothing,485
208,256.6166680044762,0.15816214080503405,Summer,Yes,372,52,1.875334100250178,88,Clothing,415
135,67.725509610071,0.4189935725917574,Spring,Yes,401,203,4.946800602207469,107,Electronics,455
156,280.30086214106905,0.09876333020046657,Spring,No,330,217,1.3853020491737422,100,Home Goods,267
213,366.63168709952726,0.2374560046912345,Winter,No,401,230,3.439201928697874,61,Toys,383
402,168.12194549255167,0.1974664916997803,Winter,No,243,88,3.3357567303647477,53,Home Goods,266
306,272.5028566353785,0.03405788933626175,Spring,No,116,149,4.410282021275725,82,Toys,461
391,178.170211842891,0.09495552996199114,Spring,No,210,218,2.8771745576704473,174,Home Goods,334
282,135.72264106066768,0.19512093823136845,Autumn,No,229,427,2.049632598864912,48,Clothing,107
344,314.0967358236814,0.24007547894494224,Autumn,No,161,350,1.369979914351878,159,Clothing,166
37,123.96700440231912,0.2530090952532834,Autumn,Yes,491,429,4.237265867890365,92,Home Goods,352
272,161.1277847092249,0.4410567409639228,Winter,No,224,339,1.5190593808834572,180,Electronics,62
403,272.2701116686669,0.21528109185287353,Summer,No,367,116,1.3973757962930087,137,Toys,482
338,138.76775192613465,0.13417744369455253,Autumn,No,246,417,4.1726905757419885,48,Clothing,105
78,78.90320515956793,0.2365502018843999,Winter,Yes,498,188,4.688778640943844,99,Home Goods,267
161,148.8450704698729,0.06274582607442852,Summer,Yes,302,475,1.1584005852547143,74,Clothing,436
270,404.375123708626,0.26421626181656827,Spring,Yes,235,148,4.4167564590705375,83,Toys,499
398,124.75648328696069,0.07570796709802763,Winter,Yes,118,473,3.531170718350848,134,Clothing,249
381,312.0465117369277,0.33756914281135375,Summer,No,162,439,1.3906290684519775,105,Home Goods,472
351,417.2280470420773,0.11551649631239636,Winter,Yes,299,127,2.979707010300611,78,Home Goods,79
12,414.63311300411493,0.3325275366195298,Spring,No,463,267,1.2607749837035476,108,Home Goods,111
420,493.7066632529692,0.4105387236989907,Spring,No,325,136,4.712301203873201,146,Electronics,319
92,300.77567157165595,0.23900308413341181,Winter,No,120,229,3.275734826115864,72,Electronics,295
298,490.5312499870629,0.48911204721526236,Summer,Yes,173,143,1.480384908943301,160,Toys,323
328,492.27349755637624,0.23125114891601795,Winter,Yes,454,382,3.9595690639899996,64,Home Goods,52
167,233.5511201884234,0.4605689096681244,Autumn,Yes,372,283,3.9171849428835204,191,Toys,384
478,464.603114154942,0.060423609207288675,Autumn,No,214,313,1.7320445001968352,182,Home Goods,156
293,165.67254348990397,0.49615556310676706,Autumn,No,161,474,2.9943405876247016,178,Home Goods,188
78,65.80511943643786,0.06327393628496097,Spring,Yes,355,88,2.5086151639704974,70,Clothing,194
363,490.4405212853154,0.3144408918791506,Winter,No,172,55,3.827764097495609,178,Toys,339
453,321.97659067112085,0.2734643796456305,Autumn,Yes,172,216,4.319596728396034,144,Home Goods,439
422,351.6997115511502,0.0793609928285482,Spring,Yes,274,143,3.3012596082433796,83,Electronics,81
449,108.35833571341364,0.13409551408798343,Autumn,Yes,180,361,1.680753643465489,141,Clothing,90
241,298.87928702738895,0.3557516594255745,Summer,Yes,199,425,4.365381451214098,131,Electronics,349
438,302.4021261911243,0.3078815665343854,Winter,Yes,219,63,4.286854055881896,84,Toys,73
463,481.223243649257,0.34018801337096927,Spring,Yes,493,402,3.461426897814552,50,Clothing,454
239,147.16505800978743,0.44806306120139794,Summer,Yes,342,423,3.3878872332071803,87,Clothing,426
264,111.76883452335585,0.3054444414326751,Summer,Yes,232,129,2.6892404732398716,130,Clothing,290
13,312.7210793969685,0.07096282899788359,Autumn,Yes,321,224,4.596598170222125,90,Home Goods,298
107,297.6346776707967,0.4936818400811637,Autumn,Yes,271,235,3.2852310644352345,71,Clothing,496
265,418.1049195204313,0.45197810702458435,Summer,No,458,467,3.0925665552028248,16,Home Goods,158
204,204.63336573603834,0.47457438161268767,Spring,Yes,114,64,2.452675495503915,197,Electronics,230
280,315.4534938097866,0.039316294191502066,Summer,No,201,228,2.370463789503082,101,Home Goods,133
260,379.20512366549303,0.1960820054839436,Winter,Yes,235,83,2.873904185370219,130,Electronics,197
415,128.7006372501195,0.29881248076002503,Winter,No,462,56,3.237243237842439,121,Home Goods,263
70,477.9499936507149,0.1688771489744667,Spring,No,301,179,3.008486507245139,150,Home Goods,406
277,300.95016241769144,0.0036376169398742997,Winter,No,347,287,2.096204140952324,139,Electronics,449
352,451.7312932493239,0.4182430366008133,Autumn,Yes,88,124,1.6022665065126116,27,Home Goods,98
388,274.56891872763674,0.4528721773170705,Autumn,Yes,276,100,1.5356589346303213,175,Home Goods,55
198,325.04455799689094,0.14190300633600222,Autumn,No,337,389,4.83350630262616,160,Toys,190
290,160.3371956176794,0.0016755754481670992,Spring,Yes,262,278,1.7710168802223554,151,Electronics,257
276,117.90999981680415,0.2877393711814178,Spring,No,270,489,1.7346354194257763,190,Clothing,239
86,93.3016729337227,0.09697099921844482,Spring,No,193,485,4.362728766833188,25,Home Goods,380
312,250.61411260518724,0.14761936233918516,Spring,No,324,184,4.452238374918522,28,Clothing,316
172,424.77653643295133,0.3444330695631289,Winter,No,332,329,3.6718292289029066,76,Toys,445
298,466.9787247738326,0.10530547812536484,Autumn,Yes,353,147,3.5076805754425546,20,Electronics,58
26,480.2967616562513,0.446257795998151,Autumn,Yes,137,68,1.268937920652431,127,Clothing,51
301,444.83028679775464,0.28065962295004837,Summer,Yes,466,442,1.2635084547155802,180,Clothing,326
170,184.0450680265468,0.4887559741490468,Autumn,Yes,336,269,4.598700360850723,20,Toys,105
60,221.1575722699293,0.05103915953771471,Spring,Yes,331,61,3.4059718579001097,93,Electronics,456
188,55.33078003503396,0.3911672395560803,Autumn,Yes,404,206,2.766901165072853,19,Clothing,345
335,183.35587854673565,0.3952691189061608,Spring,No,308,163,1.5104399894489031,144,Electronics,334
418,135.8574005489997,0.4186886236959045,Spring,No,248,232,4.629759972887523,129,Toys,409
368,52.97731339818577,0.4260147251605049,Autumn,Yes,483,292,4.223670572994164,163,Toys,477
157,436.43725825221856,0.11386643717034595,Summer,Yes,379,446,1.1849824549082255,181,Home Goods,187
490,302.3305619185038,0.0580398026617574,Spring,Yes,73,269,2.996144491818078,20,Home Goods,302
485,254.73013318206014,0.24724844144713926,Summer,Yes,223,353,3.5145279489987233,30,Electronics,201
30,478.7112910148028,0.49271765381336863,Autumn,No,294,302,1.1105719570854324,80,Clothing,405
149,270.4052683186176,0.23274897779336484,Winter,No,143,487,2.4364750390665404,66,Toys,400
493,250.59875301121104,0.3464362250988958,Summer,Yes,96,139,1.7471351264091193,83,Clothing,102
146,74.64448847847359,0.08615950230980274,Spring,Yes,356,147,4.966607493924917,21,Electronics,408
417,188.6393130044992,0.3785252590887931,Spring,No,89,88,2.0533161509816154,75,Toys,495
364,68.61187908017362,0.017887222726941876,Winter,No,70,344,1.71102414483317,67,Toys,170
38,52.08863494542358,0.05041096333315964,Winter,Yes,184,374,1.8648422306493804,53,Toys,492
372,385.1009745178933,0.33347227060685014,Autumn,Yes,462,213,3.018851288388585,20,Clothing,317
46,418.296762974076,0.22323679092318355,Summer,Yes,96,272,4.2492160602113085,171,Toys,152
143,316.0682425964351,0.24250337521005044,Winter,Yes,58,235,2.7320645904314835,67,Toys,333
470,109.9549555152559,0.4600268349663472,Autumn,Yes,357,341,4.405036413709141,46,Clothing,487
420,173.6620276240102,0.1493398267258661,Summer,Yes,155,345,2.936654716104652,12,Electronics,451
426,245.4920841228827,0.02613959115020148,Spring,No,241,262,1.0176142267759074,170,Electronics,494
284,276.3232715453396,0.030831889115518707,Summer,No,240,420,2.857633095918525,53,Toys,327
152,136.7130262966959,0.4738817186248554,Spring,Yes,325,411,1.253988249064291,114,Toys,249
355,68.17412455663941,0.16477727657002728,Spring,No,447,80,4.776301538861333,108,Electronics,251
28,71.39609130224595,0.2628324062619036,Autumn,No,190,270,2.811436878798276,43,Electronics,402
355,307.863116071622,0.2663266733021836,Summer,No,380,198,2.1332692760430296,18,Electronics,114
494,451.8523131036087,0.22696684689157404,Spring,Yes,381,479,3.1045359258962213,144,Home Goods,121
362,105.85999354756426,0.26612261018646644,Autumn,Yes,65,454,2.1221317175269236,61,Electronics,338
144,347.82415669016626,0.3300733097243175,Winter,No,376,143,4.115059727717913,44,Home Goods,232
343,152.97645525639126,0.2340918399240362,Summer,Yes,177,117,4.7937528362778234,193,Clothing,435
180,82.42486896327603,0.04825924110522278,Winter,Yes,267,104,1.9363466187563234,186,Toys,350
44,373.9501206892518,0.26661504462201924,Autumn,Yes,84,345,3.03744409818696,105,Toys,341
455,196.53003373021073,0.05766967020847513,Spring,No,123,453,2.2407611784516357,60,Clothing,190
470,287.9756215768727,0.17016693480759965,Summer,No,63,358,2.399481428392663,39,Toys,487
237,396.1852348462054,0.46246315017537365,Winter,No,190,154,3.6653074859997075,85,Home Goods,322
384,231.91651737905457,0.2471597231855593,Spring,Yes,428,227,3.08749158369481,137,Home Goods,290
77,419.7136528779864,0.2040011383263659,Winter,Yes,157,108,3.2546494305208866,157,Toys,447
170,241.20131322626713,0.41177555574434893,Winter,Yes,67,317,1.6708002567875022,158,Home Goods,364
100,257.4297173570151,0.40577070858688713,Winter,Yes,429,266,1.3200008673405286,121,Home Goods,305
393,468.60994360033044,0.47793661631751344,Winter,No,231,276,3.816778663084884,193,Clothing,328
40,473.81294818220687,0.2322147045115418,Autumn,No,267,441,1.1803202796856307,199,Toys,151
395,499.03412800379687,0.01647483341174083,Spring,Yes,260,194,1.6261905487216963,144,Electronics,100
3,83.04646788213195,0.04048923404721916,Autumn,No,112,242,3.4606599680073864,62,Home Goods,389
95,368.5978783552635,0.1732430009619801,Spring,Yes,365,84,3.3915280627920894,149,Electronics,60
72,199.6056042912369,0.384476915588283,Winter,No,458,95,1.8613564179463125,104,Clothing,189
209,144.26622112531956,0.4475786826169311,Spring,Yes,87,202,1.5567857329727448,128,Clothing,405
93,351.01147758037183,0.34448507417309293,Winter,No,285,268,2.7490055502955366,47,Clothing,324
157,355.70712314890045,0.3696131227135692,Autumn,Yes,96,444,2.872854024500424,47,Toys,410
15,237.3765994515806,0.38085693082319794,Winter,Yes,57,429,3.7766662951394503,18,Electronics,204
75,106.10842298937189,0.426431726561276,Winter,No,410,304,2.051971264195842,26,Home Goods,68
452,388.2909140938767,0.0548205269566881,Summer,No,66,443,2.8267232830566678,17,Home Goods,206
16,373.2036711665119,0.47283428668159366,Summer,No,257,74,4.552142229585435,139,Clothing,217
86,461.46718969715903,0.3034642192861138,Autumn,Yes,482,395,4.752603329041819,35,Toys,202
291,242.65731982438578,0.47421706762463955,Summer,Yes,113,224,3.426519972032781,110,Toys,222
27,306.7951592090543,0.22104624329726796,Summer,No,390,94,4.861955676854901,165,Toys,242
32,321.69140266648674,0.21400926820526317,Summer,Yes,127,409,1.5195634616499003,196,Toys,227
432,488.77356401851824,0.09883220128734704,Autumn,No,105,158,3.636261905143832,114,Electronics,270
23,91.0911432801019,0.07986647453556228,Spring,Yes,317,320,3.7942079910020756,179,Toys,386
165,474.1958526450713,0.19725615510844874,Spring,No,444,483,4.9473968143419045,66,Electronics,197
380,358.04794741035454,0.32497588318077414,Summer,No,114,372,2.269981302780778,13,Toys,459
184,440.132420055553,0.2034465972347257,Winter,Yes,327,497,1.883782342403169,184,Toys,274
324,159.26338258473538,0.25413782862682815,Winter,Yes,317,146,4.499986391342672,64,Home Goods,243
145,201.63425037758205,0.023688502822735047,Autumn,No,418,491,4.874647394058023,69,Home Goods,241
447,172.50350452405394,0.4209944208548621,Autumn,Yes,373,185,4.748053038414769,181,Electronics,57
368,216.49963967744551,0.26491624830877725,Summer,Yes,439,215,1.2801663437217403,198,Clothing,204
381,196.6721269069343,0.23184147633577168,Winter,No,134,68,4.872996679445748,162,Toys,235
157,418.16311007811885,0.4459521639846609,Winter,Yes,349,151,1.666367073256383,69,Toys,56
98,211.22434968043,0.04827453488037642,Winter,No,179,142,3.5256192571892013,91,Home Goods,124
479,195.55517102436914,0.31771556069636947,Spring,Yes,477,304,1.220000626402589,57,Toys,270
364,264.19866072103656,0.2793167257952757,Spring,No,388,131,4.22617651869696,66,Clothing,76
141,465.44714735631993,0.2506327997804211,Spring,Yes,447,212,2.537829620412728,164,Home Goods,389
440,102.21662941905117,0.03862366252566435,Summer,No,457,472,4.379590512699286,75,Home Goods,165
346,193.50801781232073,0.05411740632578871,Summer,No,488,191,3.252179522879673,183,Electronics,320
116,145.02149419842777,0.43268191601119543,Autumn,No,51,333,2.219861290437392,50,Electronics,469
76,177.81821776546764,0.05426617259387989,Autumn,No,423,220,4.62178440908804,186,Home Goods,483
12,153.74813016684138,0.18677234134599002,Winter,No,162,375,1.2669960436924623,185,Electronics,301
203,123.67702181373802,0.0072696140490496886,Autumn,Yes,415,55,4.271403129202021,126,Clothing,491
229,289.22390776313426,0.22954264990551065,Winter,Yes,62,211,3.407054245144895,154,Home Goods,79
19,364.11694788910756,0.32273404226294317,Winter,No,155,147,1.6131554112353865,136,Clothing,91
155,160.19191862318348,0.485341404902673,Autumn,Yes,480,485,3.3325645921741187,126,Toys,240
481,363.0658492687594,0.44978323882245896,Spring,No,183,100,2.202946940620268,18,Toys,185
11,118.26111373339376,0.03705679385719579,Autumn,Yes,177,203,2.571380021059228,99,Electronics,290
40,399.5340247692917,0.008445716645627654,Spring,Yes,401,247,3.919545828721021,70,Home Goods,164
233,341.35374828608786,0.39631271125087497,Autumn,Yes,418,118,4.392884730086886,139,Clothing,331
289,353.2590962382085,0.0998608035045303,Summer,Yes,104,446,2.0652790174768234,105,Clothing,354
356,251.37337773155824,0.31330436996364425,Autumn,Yes,386,449,2.078746705824877,137,Home Goods,175
74,393.2954512081156,0.10639977237818155,Spring,Yes,158,372,2.822131052973857,77,Electronics,104
98,361.1728894813147,0.19512972129803585,Winter,No,461,452,1.3321074453943416,179,Clothing,232
449,358.91008472956304,0.3709786265371284,Summer,No,457,425,1.533212767719344,125,Clothing,399
289,317.30403264812566,0.30076275341552666,Winter,Yes,298,277,2.4938305734942094,26,Clothing,116
177,452.2291789930242,0.25851824168703835,Autumn,No,60,468,1.5594182231030946,89,Electronics,231
127,390.53881637227374,0.11428977701260085,Autumn,No,87,320,2.0746371521274884,31,Toys,427
289,318.17240671178376,0.20257229396711401,Summer,Yes,118,210,3.510040899896094,96,Electronics,351
212,96.61131775894157,0.3450860181565049,Winter,No,365,191,3.3687676121512653,71,Clothing,101
488,114.94942966413495,0.3185514486972438,Summer,Yes,262,352,3.715274768659326,31,Clothing,82
108,329.02830392218374,0.031214653967892414,Winter,Yes,408,163,1.45382748341942,95,Home Goods,451
148,301.50168897737217,0.1447040582510774,Winter,No,408,189,3.2466117870271898,97,Electronics,495
83,309.7540795060599,0.11719527497377147,Winter,No,60,226,2.7367277141265114,171,Toys,387
289,277.0663664411409,0.025858607657306798,Summer,Yes,232,374,2.284226318197331,139,Clothing,99
298,198.8497768509805,0.4452871740262213,Spring,Yes,172,391,3.295800463333999,54,Electronics,166
470,268.81417595752714,0.2897245549667579,Winter,No,335,461,3.740067351945405,53,Home Goods,456
110,440.2952307707084,0.36938387838854336,Spring,No,112,436,3.8598647409227334,84,Electronics,483
83,223.92057324354073,0.08075353493716819,Autumn,Yes,360,498,1.109630756699747,107,Clothing,87
409,302.0676266225107,0.120197888685391,Summer,No,285,449,3.2973599023527744,132,Home Goods,383
96,265.4731060562039,0.47957726909774556,Summer,Yes,332,457,2.8492654021204302,24,Clothing,324
90,269.7368091944624,0.00717416898874329,Autumn,Yes,418,480,1.6987399433459784,100,Clothing,376
487,286.0113600493047,0.05452229955994109,Spring,No,187,484,3.251152881402223,42,Clothing,494
193,359.9904539818672,0.2288917221740715,Winter,No,361,417,3.271273939847817,44,Clothing,331
410,481.41481421794305,0.04279959509393527,Summer,No,148,331,2.034287535948866,79,Clothing,138
272,106.29410698546988,0.44158275804162395,Spring,No,432,161,3.527508640134298,67,Clothing,116
339,495.5472121764436,0.11913981731272577,Winter,Yes,475,94,1.0341057374852598,29,Electronics,219
479,394.67658683233185,0.45405748529064016,Spring,No,147,56,1.5654990570833203,41,Toys,214
299,282.7144295428834,0.44922798423694693,Summer,Yes,167,288,1.9572933544124176,169,Clothing,441
461,101.79367635103856,0.10261473255382231,Autumn,Yes,418,429,3.226199271959176,85,Clothing,410
441,327.32611053512744,0.03100067443986293,Autumn,Yes,475,422,2.823357621634398,56,Home Goods,82
153,456.379110495669,0.29537816545179846,Summer,No,329,455,4.996019686108079,177,Electronics,438
249,472.9554093633389,0.3367692613720342,Autumn,Yes,462,117,3.731947255530696,199,Toys,384
390,489.94034918413496,0.4515027895128112,Spring,Yes,145,223,4.069524782674864,57,Clothing,142
247,93.42168818398693,0.14698800903388154,Winter,No,485,259,4.307362165156551,178,Electronics,269
150,255.86724983824104,0.3945284988813856,Spring,Yes,385,156,2.177386791607303,170,Electronics,71
350,468.6797116075885,0.00902177331539511,Summer,No,399,309,3.7060739158767846,157,Toys,487
136,106.77817417108866,0.39135674345164195,Winter,No,85,300,1.808983256680715,11,Clothing,137
437,161.51967035086523,0.20052619065959265,Winter,Yes,283,282,4.162842141468877,154,Clothing,379
231,265.5936905211647,0.13674107804902247,Summer,Yes,327,390,3.505512709231913,29,Clothing,388
329,137.73902657381603,0.034364415185299424,Winter,Yes,407,428,3.883698240555751,106,Electronics,483
143,241.30746477373265,0.4893518368588654,Spring,No,285,275,2.1657601205623767,85,Toys,381
471,272.3106710400497,0.38756574342564615,Autumn,Yes,160,272,4.310448884373946,109,Toys,80
380,104.92944316389432,0.10749676040574463,Winter,No,482,431,1.399801628944207,85,Toys,156
208,256.0589187617128,0.37339443253087284,Autumn,No,186,171,3.5208598850486417,63,Electronics,161
340,366.1390637741216,0.2217444900167168,Winter,Yes,86,218,3.833476532307741,37,Home Goods,299
380,326.59487546429835,0.09922399024932471,Autumn,No,225,234,3.8046000722075703,122,Toys,312
305,80.47579102947338,0.41059067033392577,Spring,No,64,315,1.3673988769340673,172,Electronics,164
497,348.99540557587386,0.14487335626928716,Winter,No,91,77,2.4938146926021894,142,Toys,430
405,163.67821542769474,0.2432548018772342,Summer,No,282,375,2.3077685195163804,190,Home Goods,103
280,337.78857355221504,0.18006998756014603,Winter,Yes,107,470,3.887164079970786,136,Electronics,110
321,481.72192294781195,0.219319034226369,Autumn,No,447,80,1.3167057139622007,19,Toys,225
312,408.1304583946457,0.43954958787592585,Spring,Yes,117,257,1.1075906632547552,70,Home Goods,271
75,255.64682989632382,0.03073117201246406,Spring,No,342,195,3.97880021213317,26,Clothing,419
285,495.6226567350079,0.06385606576735264,Autumn,Yes,336,104,4.776328691535873,103,Toys,349
15,365.3843044058936,0.16537887754311065,Winter,No,420,324,2.755752337784899,155,Electronics,180
100,209.70197773745397,0.4542026509471941,Summer,Yes,309,488,4.479643557042362,145,Toys,491
132,482.2391615980148,0.28326259460404973,Winter,Yes,342,484,3.7662131590042915,11,Toys,233
18,292.23424926417033,0.38687587781210686,Summer,Yes,386,346,2.2781077534542447,103,Home Goods,366
21,490.45793573421753,0.12924247547219853,Spring,Yes,444,222,3.825376014176742,186,Electronics,269
192,110.97150540471523,0.09564258850326546,Autumn,No,460,274,1.1588913300499968,34,Electronics,224
167,334.77321538394176,0.24339467263389114,Winter,No,303,252,1.6501363519557417,27,Toys,50
188,130.85471081713337,0.25912763565371677,Summer,Yes,390,177,1.556558839546644,30,Home Goods,366
477,490.54123721173926,0.4750562024069659,Summer,Yes,311,291,1.243095090983385,38,Electronics,302
140,123.61554880859507,0.32494669790071934,Summer,Yes,253,144,2.061112074439052,96,Home Goods,104
127,233.4463782575309,0.32971002923587445,Winter,No,466,55,1.3859010346552538,23,Electronics,302
62,105.21511177234655,0.13577968954706504,Winter,Yes,323,207,1.0389590864291467,111,Clothing,125
51,293.8112292539581,0.40601889394641183,Autumn,No,308,364,2.84472193448712,99,Home Goods,225
378,475.232331659833,0.21366334635604062,Summer,No,126,340,1.600144435299426,184,Home Goods,386
255,450.7226479710871,0.028444619053229703,Summer,No,473,145,1.0618698302246043,164,Clothing,397
214,372.5179625894649,0.2860945951963788,Winter,No,446,486,3.8105351906381824,34,Home Goods,422
416,319.05533003370186,0.038039962465628685,Summer,Yes,176,313,2.125289751567197,96,Home Goods,247
108,342.66645709230306,0.47535644189994036,Autumn,Yes,289,311,2.733842109031516,108,Home Goods,66
268,85.06525068285208,0.31013850176945407,Autumn,Yes,162,311,2.3114520457944647,87,Clothing,152
53,435.05036028219047,0.0820992848240461,Autumn,Yes,477,472,1.3517667333905017,56,Electronics,258
236,381.2701732045252,0.2233033388935871,Summer,No,324,84,1.8004632568660086,113,Electronics,327
222,83.02877482767502,0.09001626018540537,Summer,No,241,216,1.4669946156658278,74,Toys,89
389,150.9268610150066,0.239425237043339,Summer,Yes,353,389,1.1818988389704597,167,Clothing,155
315,148.75857863990768,0.3819728363177778,Summer,No,135,179,2.970680443514145,20,Toys,358
309,360.55247249155536,0.46842021409267826,Autumn,No,85,385,4.090491674481864,49,Clothing,155
147,491.8743816763626,0.36136132143549665,Summer,Yes,253,162,4.106731792762176,14,Toys,73
499,477.0689144002826,0.0002165404115963554,Winter,No,179,412,4.94567908422262,179,Toys,259
498,414.738739019908,0.3090758611129378,Autumn,Yes,160,320,1.0901490363785826,110,Clothing,252
365,155.24298078537674,0.4521878908739831,Spring,Yes,110,379,2.4160782241050764,110,Home Goods,138
345,137.0725490180135,0.3529938172900562,Autumn,No,134,491,4.532459569234698,149,Home Goods,160
15,482.62272664896545,0.3145251526573958,Summer,No,72,181,4.65138636646946,129,Home Goods,244
183,448.7585440117063,0.3641375981765627,Autumn,No,292,140,3.398296237927913,166,Electronics,486
376,214.5587877104931,0.41724816591746444,Summer,No,495,350,2.9138559247555578,149,Toys,133
53,427.1536462432463,0.1628820402447932,Autumn,Yes,108,476,2.2282496562420318,131,Clothing,288
282,485.6804353348307,0.4687624470227268,Autumn,Yes,142,74,4.155452583074954,41,Electronics,277
451,151.1255274415679,0.19525587505162545,Autumn,No,115,371,4.953633842628308,198,Home Goods,424
149,428.7560541514334,0.04650220026992408,Autumn,No,374,350,1.0358075252910286,25,Electronics,406
42,225.58263328357174,0.4975161713284175,Autumn,Yes,368,463,3.671934571553654,31,Electronics,330
78,307.6623568744929,0.3476305981898258,Autumn,No,255,426,4.430137198543241,78,Electronics,262
227,366.30932765634884,0.4579532603553737,Autumn,No,484,448,4.334121344036187,124,Electronics,400
19,166.800958707215,0.11816581286197592,Summer,Yes,176,164,3.94516807627426,62,Toys,62
103,107.41916520537814,0.021824162276090575,Spring,No,318,172,1.4290174054136977,125,Toys,281
83,397.0504931974616,0.22780730706244157,Winter,Yes,304,59,3.6076896428767484,29,Clothing,152
333,468.58923880807964,0.4440833655985526,Winter,Yes,482,150,3.4002523312185704,71,Home Goods,155
382,191.15785140407644,0.1943064252149943,Winter,No,83,61,2.4326716017995835,63,Toys,376
31,173.76051210341245,0.07559413345569765,Summer,No,376,182,1.6839940915871727,186,Home Goods,164
172,106.74672698016012,0.37864784658413914,Summer,No,466,147,2.9752490371363534,145,Toys,470
200,172.28537935927102,0.01122708658392313,Summer,No,189,67,1.4855159684679813,156,Clothing,366
358,103.40196572327162,0.03540832651506293,Winter,No,321,354,3.9301105450288514,48,Toys,403
9,492.2989842717147,0.1256030747546843,Summer,No,484,341,3.1968592655267103,25,Home Goods,423
245,260.4230715120847,0.42077485932988934,Autumn,No,407,131,4.240389534181225,61,Clothing,325
89,152.29596593521097,0.04732591322841767,Autumn,Yes,113,88,4.270251430875811,14,Toys,407
164,379.7681548022588,0.23209332863783888,Winter,No,470,442,4.536741970378827,102,Electronics,456
162,166.834261445074,0.39366106327504763,Spring,Yes,89,324,2.863699967419381,198,Home Goods,262
237,170.64373894408402,0.4536738641344855,Summer,No,179,379,4.918058270252404,140,Home Goods,61
439,70.24062834039462,0.45777252201785074,Summer,Yes,247,97,4.666579749267666,160,Electronics,228
109,456.35756717857436,0.3004210225160535,Summer,No,461,234,2.1358201435934836,64,Electronics,466
485,494.2644214461633,0.4576219220832689,Winter,Yes,175,322,3.3845260041604344,11,Toys,417
363,406.0666018111036,0.4886053570389096,Summer,No,309,333,3.9971277600099104,161,Toys,458
91,160.28733415553168,0.477575812456328,Autumn,No,373,322,3.1473490509218514,74,Electronics,327
160,123.10323307716637,0.3547551636673678,Winter,No,278,116,2.9098329765545388,79,Electronics,68
40,332.03474943315365,0.2056307191633157,Spring,No,212,94,3.432280472264159,19,Clothing,176
476,75.28605251227256,0.4458249307146686,Summer,No,376,174,1.7884606745121547,14,Electronics,364
162,74.15171710157347,0.20308234730942082,Summer,Yes,354,447,4.222714004460764,173,Toys,351
201,185.86996480873418,0.48881186381266045,Winter,Yes,446,411,1.3655591196519672,142,Clothing,343
269,269.86026215328195,0.4923386182903851,Autumn,Yes,81,188,1.4472913489914117,24,Toys,431
486,493.5327616176707,0.06987609353621349,Summer,No,336,417,4.464809605766904,177,Toys,477
250,443.1906475948847,0.2606935285263323,Spring,Yes,317,425,4.823286312446341,87,Clothing,177
192,76.26546648627367,0.48118747570043624,Spring,Yes,282,107,3.4935593348192477,107,Home Goods,255
268,252.08536031486835,0.009752740970081608,Spring,No,187,155,4.150130965260608,65,Clothing,86
161,165.83867368738964,0.25865195002041735,Spring,No,155,174,4.253849827493056,72,Electronics,79
317,232.62162341995025,0.43943300383380124,Spring,Yes,177,331,4.766861010418175,136,Electronics,366
394,355.87761712960634,0.011181063892263143,Summer,Yes,220,139,1.67607732375413,109,Electronics,255
112,494.1762203487083,0.2126821047015141,Winter,Yes,491,123,3.6074328988546056,75,Toys,60
406,256.89507129915194,0.08993856746827944,Summer,Yes,295,146,1.4820758540827326,181,Clothing,448
442,278.3068654341556,0.3214585708463101,Spring,Yes,182,167,4.202637589540762,54,Electronics,333
19,110.60210053992587,0.00993598696291259,Spring,Yes,243,98,4.109058547543151,150,Electronics,316
313,112.35980436548562,0.35477485814991383,Spring,Yes,190,394,1.6568319501091584,196,Clothing,441
122,123.9260926994517,0.37334843100293125,Summer,Yes,362,183,4.757057952901652,25,Home Goods,234
375,268.4059285873899,0.16993404373036236,Autumn,No,447,400,4.496479966529662,29,Clothing,454
234,146.90155339203716,0.014761127775191618,Summer,Yes,427,205,3.343053473619841,33,Home Goods,301
352,171.0949383413057,0.08625099365969635,Summer,Yes,59,198,4.934256308380597,191,Clothing,169
361,445.5146216773865,0.11713236417781453,Autumn,No,413,386,1.4147877164089855,118,Clothing,78
164,154.55884130477762,0.04565390165358707,Autumn,Yes,320,439,3.8400695208100424,125,Clothing,86
259,129.98981151010304,0.433929322857108,Spring,Yes,199,124,4.338359831228972,19,Clothing,156
189,291.98300537728824,0.2765645925823808,Winter,Yes,177,343,3.8052088063378333,102,Toys,127
424,447.47201863591647,0.06739453659026429,Winter,No,102,191,2.870667086086139,15,Electronics,407
243,118.10411642166743,0.38587871334767065,Autumn,Yes,131,460,4.399503861618239,16,Home Goods,389
107,324.6720098648941,0.25144040115273925,Summer,No,106,271,3.329854369440119,12,Electronics,222
142,469.42581786871546,0.42246052813912754,Autumn,No,328,149,4.255704737038614,84,Toys,316
315,367.9610934114414,0.14777927478935876,Summer,Yes,471,499,1.488384719704289,75,Home Goods,363
374,429.12618187179646,0.1877022223079703,Winter,Yes,104,437,4.325748112077129,78,Clothing,220
360,110.20910222679468,0.38904850892638904,Summer,Yes,376,316,4.43497626937003,112,Toys,488
119,208.60183377110536,0.2159451807389558,Autumn,No,120,101,2.8726621538119765,167,Clothing,214
105,296.6155307683228,0.06246501561502843,Spring,Yes,355,300,4.056973311696641,187,Clothing,275
428,340.3323082336501,0.1137456942643858,Winter,No,374,497,4.99883616800134,115,Clothing,315
37,95.88604094410022,0.4632709289231832,Winter,No,141,371,3.1584252047641503,18,Toys,288
344,135.9162640764642,0.052350906805947506,Spring,Yes,123,420,2.4056825689286923,179,Home Goods,166
296,104.63669859980232,0.18149167379513836,Autumn,No,164,263,2.4074407110430966,51,Electronics,469
97,487.5783595343342,0.4321757810592254,Summer,Yes,301,98,4.365947951569721,103,Clothing,66
39,321.2886573431992,0.038388808568507904,Spring,Yes,84,253,4.029836313131099,45,Home Goods,455
341,147.15183939724642,0.006709059220117386,Summer,No,191,438,4.489611756184282,30,Home Goods,497
85,397.15046680816613,0.12670504714766473,Autumn,No,470,480,4.696672201126232,45,Home Goods,210
285,467.1581729841141,0.08843274051084898,Autumn,Yes,106,349,1.3342898137119361,196,Toys,464
25,170.5079531053533,0.3151186883793785,Summer,No,71,286,1.2073233436656383,170,Toys,405
189,270.70119128767936,0.3781834478597086,Winter,No,405,219,1.245142859535243,159,Clothing,85
401,266.11506962386943,0.36263911348357025,Winter,Yes,351,474,3.4338619589285715,121,Home Goods,194
481,260.0527892693158,0.29271225131153994,Summer,Yes,436,270,2.8879503511143674,77,Clothing,247
267,109.22370870060759,0.3054579647340959,Winter,Yes,254,95,4.800286188988423,82,Clothing,247
181,444.84205934980054,0.38559890428007026,Winter,Yes,472,466,2.730493466632559,83,Toys,373
166,71.28421708241554,0.04589640594725741,Spring,Yes,374,331,1.4831312382195736,181,Clothing,116
340,133.95684407818115,0.08352626205515201,Autumn,Yes,229,230,1.9025412502147852,24,Toys,163
36,294.78158979679296,0.2466355090610573,Summer,No,235,95,2.902975317585521,192,Electronics,363
337,189.4699290904389,0.3207733403222317,Winter,No,135,272,1.330260264136303,172,Electronics,83
475,376.9721344925964,0.4002820225416371,Autumn,Yes,92,493,2.574482941670518,186,Toys,480
177,78.00060036695938,0.15692872745393455,Autumn,Yes,289,455,2.8199690712705863,64,Toys,73
335,270.6194194067848,0.3597446926284321,Spring,No,342,313,4.760409386632755,24,Toys,368
118,147.79749893571233,0.08309580278735973,Winter,No,263,215,3.7362385014629282,71,Toys,340
417,119.26464097694725,0.09351872467750638,Summer,Yes,294,107,3.883704824980772,177,Toys,87
200,372.5894197280981,0.22108066380544122,Summer,Yes,199,464,1.83475274659504,65,Electronics,455
494,437.355919028619,0.3232148978799262,Autumn,No,401,245,2.2127247692917416,112,Electronics,79
334,246.07514122039882,0.46661711340624235,Summer,No,177,305,4.0148058166822596,116,Clothing,189
377,441.8652814961381,0.3049779920634109,Spring,No,168,131,3.8122215388739233,115,Toys,427
341,274.94223737939967,0.4640547771822281,Summer,No,461,54,2.203115143497129,91,Clothing,348
429,445.0895360780409,0.07136033896898447,Summer,No,328,119,2.181364143589448,147,Home Goods,147
209,142.5731131009449,0.49315990796767345,Spring,Yes,489,156,3.676759653485291,124,Clothing,283
486,144.55141227086096,0.1701767704096221,Summer,No,184,440,1.4753492592602475,106,Electronics,496
157,435.8721915530546,0.31064813881645514,Winter,No,342,180,1.927442822526749,153,Electronics,225
396,366.8821931869104,0.061953763965450326,Winter,No,129,354,3.3566825857540232,14,Toys,124
473,77.48718908318153,0.48711338156210904,Winter,Yes,193,103,2.2444144234396055,29,Toys,238
61,63.45021923646627,0.23090660925336237,Winter,Yes,402,387,2.761817572889694,152,Home Goods,349
216,365.07254532764347,0.3224667711501238,Winter,Yes,364,148,1.3232489834687882,172,Home Goods,483
34,178.94481056119008,0.021463062564160806,Winter,No,395,457,1.99552687298978,95,Home Goods,494
51,387.72856444015764,0.35103413547247114,Summer,No,155,333,4.107472025844277,176,Clothing,375
424,255.90004359795248,0.00024223270890444404,Spring,Yes,222,337,4.478763031774156,165,Electronics,243
488,264.6051073002782,0.2638802950283759,Autumn,Yes,236,97,2.7559751873711185,77,Toys,399
311,282.6968872702729,0.3513392962721425,Spring,Yes,210,263,3.7500452618416698,96,Electronics,335
376,270.36259740057716,0.22781978106451306,Autumn,Yes,378,373,3.359947961095331,101,Home Goods,247
301,183.88471891997006,0.207700396919425,Autumn,Yes,86,307,2.4562563677468567,68,Toys,406
253,308.2035135330571,0.3236909797925895,Summer,No,190,409,3.631210349464705,68,Toys,426
499,307.60468945117174,0.4510569101747899,Summer,No,79,468,2.623218775095142,181,Home Goods,181
205,200.07512548574715,0.40455117693304726,Summer,Yes,300,161,1.2613880474640378,71,Clothing,223
268,325.5099037533376,0.011115070727092835,Spring,Yes,145,202,3.3480649649165186,197,Electronics,347
344,61.16950547679275,0.3513264785222841,Summer,No,173,135,1.91727044709038,191,Clothing,102
273,399.56449071075576,0.003352546332930084,Summer,No,436,358,1.833380511474616,109,Clothing,281
251,397.12176789350946,0.2742459941550928,Spring,Yes,252,444,1.0913120700522922,60,Home Goods,211
137,472.0131520109946,0.15487208243043316,Summer,No,232,110,3.8194380333811195,25,Clothing,338
382,93.92804372076347,0.4320900400956581,Spring,No,309,140,1.6699226021090157,147,Toys,346
177,79.9845752317294,0.10490136323147414,Autumn,No,183,160,2.8471637516212285,80,Clothing,464
421,311.33226680697203,0.21314812032831687,Spring,Yes,496,326,4.541500315258983,40,Clothing,446
138,164.04723740367774,0.036352393515456216,Winter,Yes,159,192,1.7163596895101767,80,Clothing,230
439,297.86044620377083,0.3777464645066967,Winter,Yes,311,52,1.398654390893506,126,Electronics,452
113,110.22389238331988,0.2229015043025686,Summer,Yes,204,381,1.264912936988297,180,Electronics,168
414,341.17649784057437,0.09813012075083444,Winter,No,347,128,1.2720734991809195,138,Clothing,162
411,217.37016082647244,0.3422631300247012,Spring,Yes,266,97,4.163766670748876,118,Toys,247
101,498.25675084320716,0.2654330672304796,Spring,No,181,90,3.2515064708466253,146,Toys,353
312,94.74745298685662,0.48616195741180335,Autumn,No,334,437,4.4319167273036495,84,Electronics,444
97,276.6733321994569,0.47284247897376547,Winter,Yes,445,209,4.476612970510885,73,Toys,219
25,304.5117558758768,0.021112509244192612,Winter,No,233,422,4.4436334362513294,166,Electronics,310
116,428.96288743412134,0.01478624047772481,Spring,No,330,236,2.2037206801568123,145,Toys,231
292,395.0792285335482,0.3796884818125737,Winter,No,88,479,2.7710408898391776,153,Home Goods,81
443,112.30958534600994,0.32996839092344815,Winter,No,359,91,4.279354716456574,30,Electronics,109
382,203.64669036708207,0.0787509781453582,Autumn,Yes,445,199,4.943828267485495,23,Toys,394
195,348.5700082089324,0.4808116353931393,Spring,No,481,179,4.288763381580419,124,Toys,327
217,273.0991894295681,0.08209858110818608,Autumn,Yes,168,216,4.851062323016544,122,Clothing,354
91,414.8506268167128,0.004166956210677697,Summer,Yes,496,111,3.950822198500303,57,Clothing,223
133,237.1146620599513,0.3906338759986869,Autumn,Yes,375,183,1.9870078153181892,77,Toys,170
324,234.01271762001878,0.15518359627612532,Autumn,No,125,494,4.194519280023451,94,Toys,276
126,92.72823687424815,0.4214717326001565,Summer,No,373,159,3.2328687573903174,150,Toys,487
339,382.1666130708055,0.12917381276851386,Spring,No,102,356,3.5286979538181806,191,Toys,89
55,310.0711247724277,0.3755755365057545,Summer,No,271,362,2.0779709742198555,117,Clothing,152
